name,weight,recovery,spacing,projectiles,speed,combo_game,killpower,edgeguard,ledgetrap,cheese,easy,Silhouette Score,Distance
Roy,0.45205479452054786,0.375,0.75,0.0,0.75,0.423076923076923,0.784313725490196,0.18518518518518517,0.42500000000000004,0.2222222222222222,0.7417727792586492,0.15040518600658737,1.7314187863615202
Wolf,0.410958904109589,0.5,0.5,0.25,0.5,0.46153846153846156,0.6470588235294117,0.38888888888888884,0.37500000000000006,0.1111111111111111,0.7696714150290342,0.11508431152434585,2.728010418728536
Greninja,0.3561643835616438,0.5,0.75,0.25,0.875,0.3076923076923078,0.725490196078431,0.2962962962962963,0.35000000000000003,0.0,0.37788519691387945,0.1525801068717419,2.9238631467535368
Palutena,0.39726027397260266,0.5,0.5,0.5,0.625,0.34615384615384615,0.5098039215686274,0.4814814814814815,0.6,0.4444444444444445,0.884629922043797,0.06656806492259691,3.027588960857171
Ridley,0.6164383561643835,0.375,0.5,0.5,0.5,0.2692307692307693,0.5490196078431371,0.42592592592592593,0.30000000000000004,0.1111111111111111,0.7347298750785117,0.1048688645781983,3.252316180838046
