name,weight,recovery,spacing,projectiles,speed,combo_game,killpower,edgeguard,ledgetrap,cheese,easy,Distance
Ness,0.4383561643835616,0.5,0.75,0.75,0.25,0.23076923076923078,0.5490196078431373,0.35185185185185186,0.575,0.8888888888888888,0.7034420776528225,3.1096429470033002
Villager,0.410958904109589,0.5,0.25,1.0,0.25,0.038461538461538464,0.7058823529411764,0.6666666666666666,0.45,0.5555555555555556,0.5960514380288311,3.3604202230478544
Mii Swordfighter,0.5205479452054794,0.625,1.0,0.75,0.375,0.3076923076923077,0.4509803921568627,0.35185185185185186,0.4,0.5555555555555556,0.7759625722160969,3.619619680637045
Banjo & Kazooie,0.6027397260273972,0.375,0.5,1.0,0.375,0.15384615384615385,0.3921568627450981,0.35185185185185186,0.275,0.6666666666666666,0.6712723423154878,3.6207827476269867
Sephiroth,0.2328767123287671,0.625,1.0,0.5,0.375,0.19230769230769232,0.5882352941176471,0.48148148148148145,0.325,0.5555555555555556,0.5643478698733662,3.719486460963368
