name,weight,recovery,spacing,projectiles,speed,combo_game,killpower,edgeguard,ledgetrap,cheese,easy,Distance
Ridley,0.6164383561643836,0.25,0.5,0.5,0.5,0.2692307692307692,0.5490196078431373,0.42592592592592593,0.3,0.8,0.7347298750785118,2.9778306173213234
Ness,0.4383561643835616,0.5,0.75,0.75,0.25,0.23076923076923078,0.5490196078431373,0.35185185185185186,0.575,0.8,0.7034420776528225,3.056146436552238
Villager,0.410958904109589,0.5,0.25,1.0,0.25,0.038461538461538464,0.7058823529411764,0.6666666666666666,0.45,0.6,0.5960514380288311,3.079858748638446
Byleth,0.4794520547945205,0.5,1.0,0.5,0.125,0.3076923076923077,0.7058823529411764,0.37037037037037035,0.5,0.4,0.6607394838278406,3.1750476617164147
Mii Swordfighter,0.5205479452054794,0.625,1.0,0.75,0.375,0.3076923076923077,0.4509803921568627,0.35185185185185186,0.4,0.6,0.7759625722160969,3.332964050371883
