name,weight,recovery,spacing,projectiles,speed,combo_game,killpower,edgeguard,ledgetrap,cheese,easy,Distance
Chrom,0.4520547945205479,0.125,0.75,0.0,0.75,0.3076923076923077,0.7843137254901961,0.2962962962962963,0.6,0.1111111111111111,0.7826275030055292,3.6404497439090786
Roy,0.4520547945205479,0.375,0.75,0.0,0.75,0.4230769230769231,0.7843137254901961,0.18518518518518517,0.425,0.2222222222222222,0.7417727792586492,3.7857446512750097
Mii Brawler,0.4383561643835616,0.5,0.25,0.25,0.5,0.38461538461538464,0.5686274509803921,0.12962962962962962,0.3,0.5555555555555556,0.6994607579373959,4.020585841667385
Pyra Mythra,0.4520547945205479,0.25,1.0,0.25,0.875,0.38461538461538464,0.3529411764705882,0.2222222222222222,0.4,0.7777777777777778,0.9433291896202904,4.167202071340953
Captain Falcon,0.5753424657534246,0.375,0.0,0.0,0.75,0.34615384615384615,0.5686274509803921,0.42592592592592593,0.525,0.2222222222222222,0.6032455315652505,4.29286516993051
