name,weight,recovery,spacing,projectiles,speed,combo_game,killpower,edgeguard,ledgetrap,cheese,easy,Silhouette Score,Distance
Mii Swordfighter,0.5205479452054794,0.625,1.0,0.75,0.375,0.3076923076923078,0.4509803921568625,0.35185185185185186,0.4,0.5555555555555556,0.7759625722160968,0.1774722602092593,2.624247161926833
Corrin,0.49315068493150693,0.375,1.0,0.25,0.375,0.5384615384615384,0.6470588235294117,0.40740740740740744,0.22500000000000003,0.0,0.6869246404790119,0.27652161760401966,2.6348222628005233
Wolf,0.410958904109589,0.5,0.5,0.25,0.5,0.46153846153846156,0.6470588235294117,0.38888888888888884,0.37500000000000006,0.1111111111111111,0.7696714150290342,0.11508431152434585,2.679261264422743
Link,0.5753424657534246,0.5,0.75,1.0,0.375,0.1923076923076923,0.5686274509803919,0.24074074074074073,0.525,0.2222222222222222,0.4824536352206066,0.22786776103699483,2.8824625299630147
Sephiroth,0.23287671232876705,0.625,1.0,0.5,0.375,0.1923076923076923,0.5882352941176467,0.4814814814814815,0.325,0.5555555555555556,0.5643478698733662,0.07823414428223265,2.962257217415205
