name,weight,recovery,spacing,projectiles,speed,combo_game,killpower,edgeguard,ledgetrap,cheese,easy,Distance
Ness,0.4383561643835616,0.5,0.75,0.75,0.25,0.23076923076923078,0.5490196078431373,0.35185185185185186,0.575,0.8,0.7034420776528225,2.0237163270508294
Mii Swordfighter,0.5205479452054794,0.625,1.0,0.75,0.375,0.3076923076923077,0.4509803921568627,0.35185185185185186,0.4,0.6,0.7759625722160969,2.1291083983552017
Sephiroth,0.2328767123287671,0.625,1.0,0.5,0.375,0.19230769230769232,0.5882352941176471,0.48148148148148145,0.325,0.6,0.5643478698733662,2.422864223226702
Link,0.5753424657534246,0.5,0.75,1.0,0.375,0.19230769230769232,0.5686274509803921,0.24074074074074073,0.525,0.2,0.4824536352206066,2.479163007119732
Wolf,0.410958904109589,0.5,0.5,0.25,0.5,0.46153846153846156,0.6470588235294117,0.3888888888888889,0.375,0.4,0.7696714150290344,2.596293897476684
