name,weight,recovery,spacing,projectiles,speed,combo_game,killpower,edgeguard,ledgetrap,cheese,easy,Silhouette Score,Distance
Mii Swordfighter,0.5205479452054794,0.625,1.0,0.75,0.375,0.3076923076923078,0.4509803921568625,0.35185185185185186,0.4,0.5555555555555556,0.7759625722160968,0.1774722602092593,1.969830857005158
Hero,0.5342465753424658,0.75,1.0,0.75,0.375,0.1923076923076923,0.6862745098039214,0.2777777777777778,0.25000000000000006,1.0,0.6265958875341516,0.25481911767511634,2.462503269038564
Sephiroth,0.23287671232876705,0.625,1.0,0.5,0.375,0.1923076923076923,0.5882352941176467,0.4814814814814815,0.325,0.5555555555555556,0.5643478698733662,0.07823414428223265,2.533447075125562
Ness,0.4383561643835615,0.5,0.75,0.75,0.25,0.23076923076923073,0.5490196078431371,0.35185185185185186,0.575,0.8888888888888888,0.7034420776528224,0.1512928587859424,2.8636616668822494
Toon Link,0.39726027397260266,0.625,0.75,1.0,0.5,0.1923076923076923,0.4705882352941173,0.31481481481481477,0.47500000000000003,0.3333333333333333,0.6617642117710795,0.15962981249910074,2.8909593539868794
