name,weight,recovery,spacing,projectiles,speed,combo_game,killpower,edgeguard,ledgetrap,cheese,easy,Silhouette Score,Distance
Lucina,0.38356164383561653,0.625,1.0,0.0,0.75,0.3076923076923078,0.4509803921568625,0.5185185185185185,0.35000000000000003,0.0,0.8949611947230681,0.29785882042695777,1.8643985551872664
Greninja,0.3561643835616438,0.5,0.75,0.25,0.875,0.3076923076923078,0.725490196078431,0.2962962962962963,0.35000000000000003,0.0,0.37788519691387945,0.1525801068717419,2.5887166339207424
Corrin,0.49315068493150693,0.375,1.0,0.25,0.375,0.5384615384615384,0.6470588235294117,0.40740740740740744,0.22500000000000003,0.0,0.6869246404790119,0.27652161760401966,2.616601753738009
Cloud,0.5205479452054794,0.25,1.0,0.25,0.625,0.5384615384615384,0.43137254901960764,0.2962962962962963,0.37500000000000006,0.2222222222222222,0.8781875755004525,0.2563105832114339,3.0451315469320113
Zero Suit Samus,0.2465753424657534,1.0,0.5,0.25,0.875,0.23076923076923073,0.725490196078431,0.4814814814814815,0.37500000000000006,0.3333333333333333,0.30147577596269604,0.17301322607132802,3.193155075599746
