name,weight,recovery,spacing,projectiles,speed,combo_game,killpower,edgeguard,ledgetrap,cheese,easy,Distance
Isabelle,0.3561643835616438,0.5,0.25,1.0,0.25,0.3076923076923077,0.5490196078431373,0.37037037037037035,0.475,0.6666666666666666,0.6301530371951143,1.9685826921387914
Mii Swordfighter,0.5205479452054794,0.625,1.0,0.75,0.375,0.3076923076923077,0.4509803921568627,0.35185185185185186,0.4,0.5555555555555556,0.7759625722160969,2.004712345620683
Toon Link,0.3972602739726027,0.625,0.75,1.0,0.5,0.19230769230769232,0.47058823529411764,0.3148148148148148,0.475,0.3333333333333333,0.6617642117710796,2.395245948120566
Mii Gunner,0.5753424657534246,0.625,1.0,1.0,0.125,0.19230769230769232,0.3137254901960784,0.018518518518518517,0.5,0.7777777777777778,0.7840302043394731,2.533907792886877
Hero,0.5342465753424658,0.75,1.0,0.75,0.375,0.19230769230769232,0.6862745098039216,0.2777777777777778,0.25,1.0,0.6265958875341517,2.605320527674858
