name,weight,recovery,spacing,projectiles,speed,combo_game,killpower,edgeguard,ledgetrap,cheese,easy,Distance
Lucario,0.410958904109589,0.75,0.25,0.5,0.625,0.38461538461538464,0.7058823529411764,0.1111111111111111,0.3,0.6666666666666666,0.4346232023950598,2.06075067988454
Rosalina & Luma,0.273972602739726,0.5,0.75,0.75,0.5,0.23076923076923078,0.37254901960784315,0.16666666666666666,0.375,0.7777777777777778,0.21725070540058888,2.3349303755150053
Mii Brawler,0.4383561643835616,0.5,0.25,0.25,0.5,0.38461538461538464,0.5686274509803921,0.12962962962962962,0.3,0.5555555555555556,0.6994607579373959,2.5147970623256968
Megaman,0.547945205479452,0.875,0.25,1.0,0.5,0.07692307692307693,0.5490196078431373,0.4444444444444444,0.3,0.4444444444444444,0.32118498851978783,2.7248739799433115
Young Link,0.3561643835616438,0.625,0.75,1.0,0.5,0.4230769230769231,0.27450980392156865,0.14814814814814814,0.4,0.6666666666666666,0.6575351095835182,2.7658322537793634
