name,weight,recovery,spacing,projectiles,speed,combo_game,killpower,edgeguard,ledgetrap,cheese,easy,Distance
Toon Link,0.3972602739726027,0.5,0.5,1.0,0.5,0.19230769230769232,0.47058823529411764,0.3148148148148148,0.475,0.2,0.6617642117710796,1.6499670709321332
Mii Swordfighter,0.5205479452054794,0.625,0.75,0.6666666666666666,0.375,0.3076923076923077,0.4509803921568627,0.35185185185185186,0.4,0.6,0.7759625722160969,2.446266836992757
Banjo & Kazooie,0.6027397260273972,0.375,0.5,1.0,0.375,0.15384615384615385,0.3921568627450981,0.35185185185185186,0.275,0.6,0.6712723423154878,2.5493533266752144
Robin,0.4520547945205479,0.625,0.75,1.0,0.125,0.15384615384615385,0.6470588235294117,0.3148148148148148,0.25,0.6,0.37355950135848337,2.6160093926081944
Young Link,0.3561643835616438,0.5,0.5,1.0,0.5,0.4230769230769231,0.27450980392156865,0.14814814814814814,0.4,0.2,0.6575351095835182,2.6960637274085655
