name,weight,recovery,spacing,projectiles,speed,combo_game,killpower,edgeguard,ledgetrap,cheese,easy,Distance
Mario,0.4931506849315068,0.375,0.0,0.3333333333333333,0.5,0.5384615384615384,0.47058823529411764,0.2777777777777778,0.3,0.4,0.8278415198585407,2.7838765181506213
Mii Brawler,0.4383561643835616,0.5,0.0,0.3333333333333333,0.5,0.38461538461538464,0.5686274509803921,0.12962962962962962,0.3,0.6,0.6994607579373959,2.890549660535925
Dr. Mario,0.4931506849315068,0.0,0.0,0.3333333333333333,0.125,0.4230769230769231,0.607843137254902,0.4444444444444444,0.45,1.0,0.6925396450991583,3.223076081025324
Ridley,0.6164383561643836,0.25,0.5,0.3333333333333333,0.5,0.2692307692307692,0.5490196078431373,0.42592592592592593,0.3,0.8,0.7347298750785118,3.3780224725153776
Wolf,0.410958904109589,0.5,0.5,0.3333333333333333,0.5,0.46153846153846156,0.6470588235294117,0.3888888888888889,0.375,0.4,0.7696714150290344,3.4395824367180863
