name,poids,recovery,spacing,projectiles,speed,combo_game,killpower,edgeguard,ledgetrap,cheese,easy,Distance
Lucario,0.410958904109589,1.0,0.25,0.3333333333333333,0.625,0.38461538461538464,0.7058823529411764,0.1111111111111111,0.3,0.8,0.4346232023950598,3.3103540905506494
Ice Climbers,0.410958904109589,0.375,0.5,0.3333333333333333,0.125,0.8076923076923077,0.47058823529411764,0.0,0.5,0.8,0.0,3.442291568462462
Ryu,0.5616438356164384,0.375,0.0,0.3333333333333333,0.25,0.5769230769230769,0.6666666666666667,0.018518518518518517,0.175,0.4,0.18147342420218004,3.5944849270992103
Luigi,0.4794520547945205,0.25,0.0,0.3333333333333333,0.25,0.7692307692307693,0.9803921568627451,0.16666666666666666,0.15,1.0,0.4439633449338096,3.606575767135947
Kazuya,0.6986301369863014,0.5,0.0,0.3333333333333333,0.0,1.0,0.9019607843137255,0.1111111111111111,0.2,0.8,0.13239987897564187,3.7485434579323664
