name,weight,recovery,spacing,projectiles,speed,combo_game,killpower,edgeguard,ledgetrap,cheese,easy,Silhouette Score,Distance
Pokemon Trainer,0.4657534246575342,0.75,0.5,0.5,0.5,0.5384615384615384,0.5882352941176467,0.6851851851851852,0.22500000000000003,0.4444444444444445,0.30546549525479305,0.11054182310797332,1.9612815214618553
R.O.B.,0.6027397260273973,1.0,0.75,0.75,0.5,0.34615384615384615,0.4901960784313726,0.5370370370370371,0.2,0.8888888888888888,0.7265278525002122,0.12140533429740248,2.1895512584625334
Pikachu,0.23287671232876705,1.0,0.25,0.5,0.625,0.2692307692307693,0.33333333333333304,0.6851851851851852,0.175,0.7777777777777777,0.34148215960064854,0.052048234015534704,2.254244807916336
Sephiroth,0.23287671232876705,0.625,1.0,0.5,0.375,0.1923076923076923,0.5882352941176467,0.4814814814814815,0.325,0.5555555555555556,0.5643478698733662,0.07823414428223265,2.4931414219994013
Lucas,0.4383561643835615,0.625,0.75,0.75,0.375,0.34615384615384615,0.23529411764705888,0.5370370370370371,0.325,0.5555555555555556,0.5663637279571264,-0.015049255373281022,2.641668959110282
