name,weight,recovery,spacing,projectiles,speed,combo_game,killpower,edgeguard,ledgetrap,cheese,easy,Distance
Young Link,0.3561643835616438,0.5,0.5,1.0,0.5,0.4230769230769231,0.27450980392156865,0.14814814814814814,0.4,0.2,0.6575351095835182,2.75393584028712
Lucas,0.4383561643835616,0.625,0.25,0.6666666666666666,0.375,0.34615384615384615,0.23529411764705888,0.5370370370370371,0.325,0.6,0.5663637279571264,3.0424110141025356
Ness,0.4383561643835616,0.5,0.25,0.6666666666666666,0.25,0.23076923076923078,0.5490196078431373,0.35185185185185186,0.575,0.8,0.7034420776528225,3.04553900921369
Mii Brawler,0.4383561643835616,0.5,0.0,0.3333333333333333,0.5,0.38461538461538464,0.5686274509803921,0.12962962962962962,0.3,0.6,0.6994607579373959,3.056149308179728
Isabelle,0.3561643835616438,0.5,0.0,1.0,0.25,0.3076923076923077,0.5490196078431373,0.37037037037037035,0.475,0.8,0.6301530371951143,3.1006542520403775
