name,weight,recovery,spacing,projectiles,speed,combo_game,killpower,edgeguard,ledgetrap,cheese,easy,Distance
R.O.B.,0.6027397260273972,1.0,0.75,0.75,0.5,0.34615384615384615,0.4901960784313726,0.5370370370370371,0.2,0.8888888888888888,0.7265278525002123,2.315938775667141
Mii Swordfighter,0.5205479452054794,0.625,1.0,0.75,0.375,0.3076923076923077,0.4509803921568627,0.35185185185185186,0.4,0.5555555555555556,0.7759625722160969,2.3288695576946212
Sora,0.3150684931506849,0.875,1.0,0.5,0.25,0.34615384615384615,0.4509803921568627,0.2777777777777778,0.3,0.6666666666666666,0.7374848810423233,2.4474474074435717
Ness,0.4383561643835616,0.5,0.75,0.75,0.25,0.23076923076923078,0.5490196078431373,0.35185185185185186,0.575,0.8888888888888888,0.7034420776528225,2.605320527674858
Sephiroth,0.2328767123287671,0.625,1.0,0.5,0.375,0.19230769230769232,0.5882352941176471,0.48148148148148145,0.325,0.5555555555555556,0.5643478698733662,2.631337440438571
