name,weight,recovery,spacing,projectiles,speed,combo_game,killpower,edgeguard,ledgetrap,cheese,easy,Distance
Marth,0.3835616438356164,0.625,1.0,0.0,0.75,0.34615384615384615,0.5294117647058824,0.5185185185185185,0.25,0.2,0.4912730143370577,1.9421261092724655
Pit,0.4657534246575342,0.875,0.75,0.3333333333333333,0.5,0.34615384615384615,0.4509803921568627,0.6481481481481481,0.125,0.2,0.7210388387583188,2.6044768568546806
Pyra Mythra,0.4520547945205479,0.25,1.0,0.3333333333333333,0.875,0.38461538461538464,0.3529411764705882,0.2222222222222222,0.4,0.4,0.9433291896202904,2.708292705429752
Cloud,0.5205479452054794,0.125,1.0,0.3333333333333333,0.625,0.5384615384615384,0.43137254901960786,0.2962962962962963,0.375,0.2,0.8781875755004525,2.8430341813086573
Wolf,0.410958904109589,0.5,0.5,0.3333333333333333,0.5,0.46153846153846156,0.6470588235294117,0.3888888888888889,0.375,0.4,0.7696714150290344,2.8797963091365593
