name,weight,recovery,spacing,projectiles,speed,combo_game,killpower,edgeguard,ledgetrap,cheese,easy,Distance
Hero,0.5342465753424658,0.75,0.75,0.6666666666666666,0.375,0.19230769230769232,0.6862745098039216,0.2777777777777778,0.25,1.0,0.6265958875341517,2.252196216859636
Mii Swordfighter,0.5205479452054794,0.625,0.75,0.6666666666666666,0.375,0.3076923076923077,0.4509803921568627,0.35185185185185186,0.4,0.6,0.7759625722160969,2.256340520654984
Pit,0.4657534246575342,0.875,0.75,0.3333333333333333,0.5,0.34615384615384615,0.4509803921568627,0.6481481481481481,0.125,0.2,0.7210388387583188,2.4589143183120967
Joker,0.4246575342465753,0.875,0.75,0.3333333333333333,0.5,0.3076923076923077,0.5294117647058824,0.7407407407407407,0.15,0.4,0.46007761049086804,2.4635807280391475
Sora,0.3150684931506849,0.875,1.0,0.6666666666666666,0.25,0.34615384615384615,0.4509803921568627,0.2777777777777778,0.3,0.6,0.7374848810423233,2.5648068427867745
