name,weight,recovery,spacing,projectiles,speed,combo_game,killpower,edgeguard,ledgetrap,cheese,easy,Distance
Mario,0.4931506849315068,0.375,0.0,0.3333333333333333,0.5,0.5384615384615384,0.47058823529411764,0.2777777777777778,0.3,0.4,0.8278415198585407,2.728689978006158
Wolf,0.410958904109589,0.5,0.5,0.3333333333333333,0.5,0.46153846153846156,0.6470588235294117,0.3888888888888889,0.375,0.4,0.7696714150290344,2.801914608105827
Yoshi,0.5753424657534246,0.75,0.0,0.3333333333333333,0.625,0.34615384615384615,0.5686274509803921,0.3148148148148148,0.275,0.4,0.7985359829658762,2.84199627816985
Mii Brawler,0.4383561643835616,0.5,0.0,0.3333333333333333,0.5,0.38461538461538464,0.5686274509803921,0.12962962962962962,0.3,0.6,0.6994607579373959,3.024240535161153
Palutena,0.3972602739726027,0.5,0.5,0.6666666666666666,0.625,0.34615384615384615,0.5098039215686274,0.48148148148148145,0.6,0.2,0.884629922043797,3.0452780734515756
