name,weight,recovery,spacing,projectiles,speed,combo_game,killpower,edgeguard,ledgetrap,cheese,easy,Silhouette Score,Distance
Sephiroth,0.23287671232876705,0.625,1.0,0.5,0.375,0.1923076923076923,0.5882352941176467,0.4814814814814815,0.325,0.5555555555555556,0.5643478698733662,0.07823414428223265,2.2932988788461346
Greninja,0.3561643835616438,0.5,0.75,0.25,0.875,0.3076923076923078,0.725490196078431,0.2962962962962963,0.35000000000000003,0.0,0.37788519691387945,0.1525801068717419,2.31490040517644
Toon Link,0.39726027397260266,0.625,0.75,1.0,0.5,0.1923076923076923,0.4705882352941173,0.31481481481481477,0.47500000000000003,0.3333333333333333,0.6617642117710795,0.15962981249910074,2.51008149174701
Wolf,0.410958904109589,0.5,0.5,0.25,0.5,0.46153846153846156,0.6470588235294117,0.38888888888888884,0.37500000000000006,0.1111111111111111,0.7696714150290342,0.11508431152434585,2.9617924564249254
Zero Suit Samus,0.2465753424657534,1.0,0.5,0.25,0.875,0.23076923076923073,0.725490196078431,0.4814814814814815,0.37500000000000006,0.3333333333333333,0.30147577596269604,0.17301322607132802,3.0023152124159895
