name,weight,recovery,spacing,projectiles,speed,combo_game,killpower,edgeguard,ledgetrap,cheese,easy,Silhouette Score,Distance
Falco,0.2739726027397261,0.25,0.5,0.25,0.5,0.5384615384615384,0.6666666666666665,0.4629629629629629,0.275,0.1111111111111111,0.5277852438791648,0.11402513264975575,4.098324122173426
Wario,0.6301369863013698,0.75,0.0,0.0,0.375,0.576923076923077,0.6470588235294117,0.5740740740740741,0.22500000000000003,0.5555555555555556,0.46667534592684734,-0.03887504853028703,4.340036089115869
Pokemon Trainer,0.4657534246575342,0.75,0.5,0.5,0.5,0.5384615384615384,0.5882352941176467,0.6851851851851852,0.22500000000000003,0.4444444444444445,0.30546549525479305,0.11054182310797332,4.385420437046899
Meta Knight,0.2465753424657534,1.0,0.5,0.0,0.625,0.5000000000000001,0.8431372549019605,0.7592592592592592,0.25000000000000006,0.1111111111111111,0.4301169197209813,0.1423468205189991,4.420898402067148
Joker,0.4246575342465754,0.875,0.75,0.5,0.5,0.3076923076923078,0.5294117647058822,0.7407407407407407,0.15000000000000002,0.6666666666666665,0.4600776104908679,0.066892473447554,4.428600011500889
