name,weight,recovery,spacing,projectiles,speed,combo_game,killpower,edgeguard,ledgetrap,cheese,easy,Distance
Marth,0.3835616438356164,0.625,1.0,0.0,0.75,0.34615384615384615,0.5294117647058824,0.5185185185185185,0.25,0.1111111111111111,0.4912730143370577,2.0882940977318487
Mewtwo,0.2191780821917808,0.625,1.0,0.75,0.75,0.3076923076923077,0.6666666666666667,0.35185185185185186,0.375,0.2222222222222222,0.5060433745889366,2.134864651188034
Roy,0.4520547945205479,0.375,0.75,0.0,0.75,0.4230769230769231,0.7843137254901961,0.18518518518518517,0.425,0.2222222222222222,0.7417727792586492,2.2391067096543202
Zero Suit Samus,0.2465753424657534,1.0,0.5,0.25,0.875,0.23076923076923078,0.7254901960784313,0.48148148148148145,0.375,0.3333333333333333,0.30147577596269626,2.5732947327419304
Wolf,0.410958904109589,0.5,0.5,0.25,0.5,0.46153846153846156,0.6470588235294117,0.3888888888888889,0.375,0.1111111111111111,0.7696714150290344,2.6249706230775134
