name,weight,recovery,spacing,projectiles,speed,combo_game,killpower,edgeguard,ledgetrap,cheese,easy,Distance
Wolf,0.410958904109589,0.5,0.5,0.25,0.5,0.46153846153846156,0.6470588235294117,0.3888888888888889,0.375,0.1111111111111111,0.7696714150290344,1.8952653354875924
Pit,0.4657534246575342,0.625,0.75,0.5,0.5,0.34615384615384615,0.4509803921568627,0.6481481481481481,0.125,0.0,0.7210388387583188,2.205387941074008
Yoshi,0.5753424657534246,0.75,0.25,0.25,0.625,0.34615384615384615,0.5686274509803921,0.3148148148148148,0.275,0.4444444444444444,0.7985359829658762,2.2450129841679436
Corrin,0.4931506849315068,0.375,1.0,0.25,0.375,0.5384615384615384,0.6470588235294117,0.4074074074074074,0.225,0.0,0.686924640479012,2.455737115280122
Piranha Plant,0.684931506849315,0.375,0.25,0.75,0.25,0.3076923076923077,0.3529411764705882,0.3148148148148148,0.4,0.5555555555555556,0.6411268646385841,2.4742462400872056
