name,weight,recovery,spacing,projectiles,speed,combo_game,killpower,edgeguard,ledgetrap,cheese,easy,Silhouette Score,Distance
Sheik,0.2191780821917807,0.875,0.0,0.25,0.875,0.3076923076923078,0.6470588235294117,0.611111111111111,0.30000000000000004,0.0,0.09134776895673857,0.05002878879907174,2.571842463308589
Greninja,0.3561643835616438,0.5,0.75,0.25,0.875,0.3076923076923078,0.725490196078431,0.2962962962962963,0.35000000000000003,0.0,0.37788519691387945,0.1525801068717419,2.5815711201741105
Meta Knight,0.2465753424657534,1.0,0.5,0.0,0.625,0.5000000000000001,0.8431372549019605,0.7592592592592592,0.25000000000000006,0.1111111111111111,0.4301169197209813,0.1423468205189991,2.706708165978436
Mewtwo,0.2191780821917807,0.625,1.0,0.75,0.75,0.3076923076923078,0.6666666666666665,0.35185185185185186,0.37500000000000006,0.2222222222222222,0.5060433745889366,0.06403725626629612,3.0023152124159895
Marth,0.38356164383561653,0.625,1.0,0.0,0.75,0.34615384615384615,0.5294117647058822,0.5185185185185185,0.25000000000000006,0.1111111111111111,0.4912730143370576,0.30392166165070256,3.193155075599746
