name,weight,recovery,spacing,projectiles,speed,combo_game,killpower,edgeguard,ledgetrap,cheese,easy,Silhouette Score,Distance
Joker,0.4246575342465754,0.875,0.75,0.5,0.5,0.3076923076923078,0.5294117647058822,0.7407407407407407,0.15000000000000002,0.6666666666666665,0.4600776104908679,0.066892473447554,2.1895512584625334
Mii Swordfighter,0.5205479452054794,0.625,1.0,0.75,0.375,0.3076923076923078,0.4509803921568625,0.35185185185185186,0.4,0.5555555555555556,0.7759625722160968,0.1774722602092593,2.616484789125982
Hero,0.5342465753424658,0.75,1.0,0.75,0.375,0.1923076923076923,0.6862745098039214,0.2777777777777778,0.25000000000000006,1.0,0.6265958875341516,0.25481911767511634,2.6799989928148102
Sora,0.31506849315068497,0.875,1.0,0.5,0.25,0.34615384615384615,0.4509803921568625,0.2777777777777778,0.30000000000000004,0.6666666666666665,0.7374848810423233,0.2279225445817621,2.894392946066536
Lucas,0.4383561643835615,0.625,0.75,0.75,0.375,0.34615384615384615,0.23529411764705888,0.5370370370370371,0.325,0.5555555555555556,0.5663637279571264,-0.015049255373281022,2.9648110769911007
