name,weight,recovery,spacing,projectiles,speed,combo_game,killpower,edgeguard,ledgetrap,cheese,easy,Silhouette Score,Distance
Piranha Plant,0.684931506849315,0.375,0.25,0.75,0.25,0.3076923076923078,0.3529411764705883,0.31481481481481477,0.4,0.5555555555555556,0.641126864638584,0.179462755380171,3.487366391296216
King Dedede,0.8904109589041095,0.75,1.0,0.75,0.125,0.3076923076923078,0.784313725490196,0.4629629629629629,0.65,1.0,0.8116264613972942,0.2064806643768397,3.5389365625092863
Incineroar,0.7397260273972602,0.125,0.25,0.0,0.0,0.423076923076923,0.725490196078431,0.2592592592592593,0.525,0.8888888888888888,0.7416509876647671,0.16566696494281055,3.79743951714227
Banjo & Kazooie,0.6027397260273973,0.375,0.5,1.0,0.375,0.15384615384615385,0.392156862745098,0.35185185185185186,0.275,0.6666666666666665,0.6712723423154878,0.19863469467110823,3.819956745817592
Ness,0.4383561643835615,0.5,0.75,0.75,0.25,0.23076923076923073,0.5490196078431371,0.35185185185185186,0.575,0.8888888888888888,0.7034420776528224,0.1512928587859424,3.8562849633424423
