name,weight,recovery,spacing,projectiles,speed,combo_game,killpower,edgeguard,ledgetrap,cheese,easy,Silhouette Score,Distance
Falco,0.2739726027397261,0.25,0.5,0.25,0.5,0.5384615384615384,0.6666666666666665,0.4629629629629629,0.275,0.1111111111111111,0.5277852438791648,0.11402513264975575,1.7670726883895171
Ridley,0.6164383561643835,0.375,0.5,0.5,0.5,0.2692307692307693,0.5490196078431371,0.42592592592592593,0.30000000000000004,0.1111111111111111,0.7347298750785117,0.1048688645781983,1.8980764698988952
Roy,0.45205479452054786,0.375,0.75,0.0,0.75,0.423076923076923,0.784313725490196,0.18518518518518517,0.42500000000000004,0.2222222222222222,0.7417727792586492,0.15040518600658737,2.0469507602004935
Yoshi,0.5753424657534246,0.75,0.25,0.25,0.625,0.34615384615384615,0.5686274509803919,0.31481481481481477,0.275,0.4444444444444445,0.7985359829658762,0.193164077713825,2.304565719876102
Palutena,0.39726027397260266,0.5,0.5,0.5,0.625,0.34615384615384615,0.5098039215686274,0.4814814814814815,0.6,0.4444444444444445,0.884629922043797,0.06656806492259691,2.3202610393839285
