name,poids,recovery,spacing,projectiles,speed,combo_game,killpower,edgeguard,ledgetrap,cheese,easy,Distance
Joker,0.4246575342465753,0.875,0.75,0.3333333333333333,0.5,0.3076923076923077,0.5294117647058824,0.7407407407407407,0.15,0.4,0.46007761049086804,2.7690190482956787
Pit,0.4657534246575342,0.875,0.75,0.3333333333333333,0.5,0.34615384615384615,0.4509803921568627,0.6481481481481481,0.125,0.2,0.7210388387583188,2.836054729084908
R.O.B.,0.6027397260273972,1.0,0.75,0.6666666666666666,0.5,0.34615384615384615,0.4901960784313726,0.5370370370370371,0.2,0.8,0.7265278525002123,2.915284001375408
Sora,0.3150684931506849,0.875,1.0,0.6666666666666666,0.25,0.34615384615384615,0.4509803921568627,0.2777777777777778,0.3,0.6,0.7374848810423233,3.111700434560285
Inkling,0.4383561643835616,1.0,0.0,0.3333333333333333,0.625,0.5,0.6470588235294117,0.6851851851851852,0.2,0.6,0.6256887513964596,3.1269805474418266
