name,weight,recovery,spacing,projectiles,speed,combo_game,killpower,edgeguard,ledgetrap,cheese,easy,Distance
Wolf,0.410958904109589,0.5,0.5,0.25,0.5,0.46153846153846156,0.6470588235294117,0.3888888888888889,0.375,0.1111111111111111,0.7696714150290344,1.9972443852120407
Falco,0.273972602739726,0.25,0.5,0.25,0.5,0.5384615384615384,0.6666666666666667,0.46296296296296297,0.275,0.1111111111111111,0.5277852438791648,2.1603170830537075
Cloud,0.5205479452054794,0.25,1.0,0.25,0.625,0.5384615384615384,0.43137254901960786,0.2962962962962963,0.375,0.2222222222222222,0.8781875755004525,2.1858761975175343
Pit,0.4657534246575342,0.625,0.75,0.5,0.5,0.34615384615384615,0.4509803921568627,0.6481481481481481,0.125,0.0,0.7210388387583188,2.439298599064975
Ridley,0.6164383561643836,0.375,0.5,0.5,0.5,0.2692307692307692,0.5490196078431373,0.42592592592592593,0.3,0.1111111111111111,0.7347298750785118,2.457544946818542
