name,weight,recovery,spacing,projectiles,speed,combo_game,killpower,edgeguard,ledgetrap,cheese,easy,Silhouette Score,Distance
Ridley,0.6164383561643835,0.375,0.5,0.5,0.5,0.2692307692307693,0.5490196078431371,0.42592592592592593,0.30000000000000004,0.1111111111111111,0.7347298750785117,0.1048688645781983,2.2147389148107464
Wolf,0.410958904109589,0.5,0.5,0.25,0.5,0.46153846153846156,0.6470588235294117,0.38888888888888884,0.37500000000000006,0.1111111111111111,0.7696714150290342,0.11508431152434585,2.6071918050329375
Joker,0.4246575342465754,0.875,0.75,0.5,0.5,0.3076923076923078,0.5294117647058822,0.7407407407407407,0.15000000000000002,0.6666666666666665,0.4600776104908679,0.066892473447554,2.677541117616382
Pokemon Trainer,0.4657534246575342,0.75,0.5,0.5,0.5,0.5384615384615384,0.5882352941176467,0.6851851851851852,0.22500000000000003,0.4444444444444445,0.30546549525479305,0.11054182310797332,2.7869551493023637
Lucas,0.4383561643835615,0.625,0.75,0.75,0.375,0.34615384615384615,0.23529411764705888,0.5370370370370371,0.325,0.5555555555555556,0.5663637279571264,-0.015049255373281022,2.8979729003684036
