name,weight,recovery,spacing,projectiles,speed,combo_game,killpower,edgeguard,ledgetrap,cheese,easy,Distance
Ken,0.5616438356164384,0.375,0.0,0.5,0.375,0.5769230769230769,1.0,0.1111111111111111,0.525,0.3333333333333333,0.17837824218673393,2.352395819837984
Incineroar,0.7397260273972602,0.125,0.25,0.0,0.0,0.4230769230769231,0.7254901960784313,0.25925925925925924,0.525,0.8888888888888888,0.7416509876647671,2.7419551981998214
Luigi,0.4794520547945205,0.25,0.0,0.25,0.25,0.7692307692307693,0.9803921568627451,0.16666666666666666,0.15,0.8888888888888888,0.4439633449338096,2.885871070402987
Ryu,0.5616438356164384,0.375,0.0,0.5,0.25,0.5769230769230769,0.6666666666666667,0.018518518518518517,0.175,0.2222222222222222,0.18147342420218004,3.047999849656116
Ice Climbers,0.410958904109589,0.375,0.5,0.25,0.125,0.8076923076923077,0.47058823529411764,0.0,0.5,0.6666666666666666,0.0,3.0524604378748
