name,weight,recovery,spacing,projectiles,speed,combo_game,killpower,edgeguard,ledgetrap,cheese,easy,Silhouette Score,Distance
Corrin,0.49315068493150693,0.375,1.0,0.25,0.375,0.5384615384615384,0.6470588235294117,0.40740740740740744,0.22500000000000003,0.0,0.6869246404790119,0.27652161760401966,2.8922249579203188
Byleth,0.4794520547945206,0.5,1.0,0.25,0.125,0.3076923076923078,0.7058823529411762,0.37037037037037035,0.5,0.2222222222222222,0.6607394838278406,0.20511561849222512,3.467164525628727
Wolf,0.410958904109589,0.5,0.5,0.25,0.5,0.46153846153846156,0.6470588235294117,0.38888888888888884,0.37500000000000006,0.1111111111111111,0.7696714150290342,0.11508431152434585,3.6207522835573736
Roy,0.45205479452054786,0.375,0.75,0.0,0.75,0.423076923076923,0.784313725490196,0.18518518518518517,0.42500000000000004,0.2222222222222222,0.7417727792586492,0.15040518600658737,3.6246926117160645
Ridley,0.6164383561643835,0.375,0.5,0.5,0.5,0.2692307692307693,0.5490196078431371,0.42592592592592593,0.30000000000000004,0.1111111111111111,0.7347298750785117,0.1048688645781983,3.785640371117876
