name,weight,recovery,spacing,projectiles,speed,combo_game,killpower,edgeguard,ledgetrap,cheese,easy,Distance
Joker,0.4246575342465753,0.875,0.75,0.3333333333333333,0.5,0.3076923076923077,0.5294117647058824,0.7407407407407407,0.15,0.4,0.46007761049086804,2.7344111910396673
Pokemon Trainer,0.4657534246575342,0.875,0.5,0.3333333333333333,0.5,0.5384615384615384,0.5882352941176471,0.6851851851851852,0.225,0.2,0.30546549525479316,3.2294814762742243
Bowser Jr.,0.6301369863013698,0.625,0.5,0.6666666666666666,0.25,0.5,0.803921568627451,0.6481481481481481,0.25,0.6,0.5876688280798674,3.3655659536495346
Marth,0.3835616438356164,0.625,1.0,0.0,0.75,0.34615384615384615,0.5294117647058824,0.5185185185185185,0.25,0.2,0.4912730143370577,3.3897885506125136
Sephiroth,0.2328767123287671,0.625,1.0,0.6666666666666666,0.375,0.19230769230769232,0.5882352941176471,0.48148148148148145,0.325,0.6,0.5643478698733662,3.4206708818923652
