name,weight,recovery,spacing,projectiles,speed,combo_game,killpower,edgeguard,ledgetrap,cheese,easy,Silhouette Score,Distance
Wolf,0.410958904109589,0.5,0.5,0.25,0.5,0.46153846153846156,0.6470588235294117,0.38888888888888884,0.37500000000000006,0.1111111111111111,0.7696714150290342,0.11508431152434585,1.8980764698988952
Pit,0.4657534246575342,0.625,0.75,0.5,0.5,0.34615384615384615,0.4509803921568625,0.6481481481481481,0.125,0.0,0.7210388387583186,0.08475704502941986,2.2147389148107464
Yoshi,0.5753424657534246,0.75,0.25,0.25,0.625,0.34615384615384615,0.5686274509803919,0.31481481481481477,0.275,0.4444444444444445,0.7985359829658762,0.193164077713825,2.4159315451024934
Piranha Plant,0.684931506849315,0.375,0.25,0.75,0.25,0.3076923076923078,0.3529411764705883,0.31481481481481477,0.4,0.5555555555555556,0.641126864638584,0.179462755380171,2.58659610534629
Palutena,0.39726027397260266,0.5,0.5,0.5,0.625,0.34615384615384615,0.5098039215686274,0.4814814814814815,0.6,0.4444444444444445,0.884629922043797,0.06656806492259691,2.7001372069681886
