name,weight,recovery,spacing,projectiles,speed,combo_game,killpower,edgeguard,ledgetrap,cheese,easy,Distance
Wolf,0.410958904109589,0.5,0.5,0.25,0.5,0.46153846153846156,0.6470588235294117,0.3888888888888889,0.375,0.4,0.7696714150290344,2.100701696156334
Toon Link,0.3972602739726027,0.5,0.75,1.0,0.5,0.19230769230769232,0.47058823529411764,0.3148148148148148,0.475,0.2,0.6617642117710796,2.3672539646987363
Lucina,0.3835616438356164,0.625,1.0,0.0,0.75,0.3076923076923077,0.4509803921568627,0.5185185185185185,0.35,0.0,0.8949611947230682,2.733025957524494
Captain Falcon,0.5753424657534246,0.25,0.0,0.0,0.75,0.34615384615384615,0.5686274509803921,0.42592592592592593,0.525,0.2,0.6032455315652505,2.786549650088208
Yoshi,0.5753424657534246,0.75,0.25,0.25,0.625,0.34615384615384615,0.5686274509803921,0.3148148148148148,0.275,0.4,0.7985359829658762,2.826429751794264
