name,weight,recovery,spacing,projectiles,speed,combo_game,killpower,edgeguard,ledgetrap,cheese,easy,Distance
Joker,0.4246575342465753,0.875,0.75,0.3333333333333333,0.5,0.3076923076923077,0.5294117647058824,0.7407407407407407,0.15,0.4,0.46007761049086804,1.431093146366138
Pokemon Trainer,0.4657534246575342,0.875,0.5,0.3333333333333333,0.5,0.5384615384615384,0.5882352941176471,0.6851851851851852,0.225,0.2,0.30546549525479316,2.3229732280010746
Marth,0.3835616438356164,0.625,1.0,0.0,0.75,0.34615384615384615,0.5294117647058824,0.5185185185185185,0.25,0.2,0.4912730143370577,2.3460019070220457
R.O.B.,0.6027397260273972,1.0,0.75,0.6666666666666666,0.5,0.34615384615384615,0.4901960784313726,0.5370370370370371,0.2,0.8,0.7265278525002123,2.4589143183120967
Lucina,0.3835616438356164,0.625,1.0,0.0,0.75,0.3076923076923077,0.4509803921568627,0.5185185185185185,0.35,0.0,0.8949611947230682,2.599760270342528
