name,weight,recovery,spacing,projectiles,speed,combo_game,killpower,edgeguard,ledgetrap,cheese,easy,Silhouette Score,Distance
Kazuya,0.6986301369863014,0.5,0.0,0.25,0.0,1.0,0.9019607843137254,0.1111111111111111,0.2,1.0,0.13239987897564176,0.3796358553888391,2.8085106227818235
Terry,0.6301369863013698,0.25,0.0,0.25,0.25,0.6923076923076924,0.725490196078431,0.14814814814814814,0.525,0.6666666666666665,0.4097903506257383,0.2438935806725692,2.9267060287558557
Ken,0.5616438356164383,0.375,0.0,0.5,0.375,0.576923076923077,1.0,0.1111111111111111,0.525,0.3333333333333333,0.17837824218673393,0.1837101697038571,3.647916302006668
Ryu,0.5616438356164383,0.375,0.0,0.5,0.25,0.576923076923077,0.6666666666666665,0.018518518518518517,0.175,0.2222222222222222,0.18147342420218004,0.13015073041905353,3.6742552473771948
Mii Brawler,0.4383561643835615,0.5,0.25,0.25,0.5,0.3846153846153847,0.5686274509803919,0.12962962962962962,0.30000000000000004,0.5555555555555556,0.6994607579373959,0.233154776828591,3.8373395032323545
