name,weight,recovery,spacing,projectiles,speed,combo_game,killpower,edgeguard,ledgetrap,cheese,easy,Distance
King Dedede,0.8904109589041096,0.75,1.0,0.75,0.125,0.3076923076923077,0.7843137254901961,0.46296296296296297,0.65,1.0,0.8116264613972942,3.0326885579814773
Bowser,1.0,0.25,0.5,0.0,0.625,0.38461538461538464,0.6274509803921569,0.25925925925925924,0.525,0.7777777777777778,0.9843099044974054,3.0821292434298724
Piranha Plant,0.684931506849315,0.375,0.25,0.75,0.25,0.3076923076923077,0.3529411764705882,0.3148148148148148,0.4,0.5555555555555556,0.6411268646385841,3.1235507967327254
Banjo & Kazooie,0.6027397260273972,0.375,0.5,1.0,0.375,0.15384615384615385,0.3921568627450981,0.35185185185185186,0.275,0.6666666666666666,0.6712723423154878,3.3982692755744814
Incineroar,0.7397260273972602,0.125,0.25,0.0,0.0,0.4230769230769231,0.7254901960784313,0.25925925925925924,0.525,0.8888888888888888,0.7416509876647671,3.5254077751123734
