name,poids,recovery,spacing,projectiles,speed,combo_game,killpower,edgeguard,ledgetrap,cheese,easy,Distance
Roy,0.4520547945205479,0.25,0.75,0.0,0.75,0.4230769230769231,0.7843137254901961,0.18518518518518517,0.425,0.8,0.7417727792586492,2.6927594376591344
Chrom,0.4520547945205479,0.125,0.75,0.0,0.75,0.3076923076923077,0.7843137254901961,0.2962962962962963,0.6,0.4,0.7826275030055292,2.973995477382915
Donkey Kong,0.8904109589041096,0.125,0.5,0.0,0.625,0.5,0.8627450980392157,0.25925925925925924,0.425,1.0,0.8763397056743332,3.919114258024927
Mii Brawler,0.4383561643835616,0.5,0.0,0.3333333333333333,0.5,0.38461538461538464,0.5686274509803921,0.12962962962962962,0.3,0.6,0.6994607579373959,4.045307339762813
Ridley,0.6164383561643836,0.25,0.5,0.3333333333333333,0.5,0.2692307692307692,0.5490196078431373,0.42592592592592593,0.3,0.8,0.7347298750785118,4.100980227714737
