name,weight,recovery,spacing,projectiles,speed,combo_game,killpower,edgeguard,ledgetrap,cheese,easy,Silhouette Score,Distance
Diddy Kong,0.38356164383561653,0.625,0.25,0.75,0.625,0.2692307692307693,0.4117647058823528,0.14814814814814814,0.15000000000000002,0.6666666666666665,0.38123236118979564,0.10264373487658977,2.1439614233358673
Mii Brawler,0.4383561643835615,0.5,0.25,0.25,0.5,0.3846153846153847,0.5686274509803919,0.12962962962962962,0.30000000000000004,0.5555555555555556,0.6994607579373959,0.233154776828591,2.6708096626837947
Yoshi,0.5753424657534246,0.75,0.25,0.25,0.625,0.34615384615384615,0.5686274509803919,0.31481481481481477,0.275,0.4444444444444445,0.7985359829658762,0.193164077713825,2.7924448669821564
Rosalina & Luma,0.2739726027397261,0.5,0.75,0.75,0.5,0.23076923076923073,0.37254901960784315,0.16666666666666666,0.37500000000000006,0.7777777777777777,0.21725070540058877,0.025140646288651976,2.9960246386050575
Wolf,0.410958904109589,0.5,0.5,0.25,0.5,0.46153846153846156,0.6470588235294117,0.38888888888888884,0.37500000000000006,0.1111111111111111,0.7696714150290342,0.11508431152434585,3.1615653052650927
