name,weight,recovery,spacing,projectiles,speed,combo_game,killpower,edgeguard,ledgetrap,cheese,easy,Silhouette Score,Distance
Lucario,0.410958904109589,0.75,0.25,0.5,0.625,0.3846153846153847,0.7058823529411762,0.1111111111111111,0.30000000000000004,0.6666666666666665,0.4346232023950598,0.04442586065524684,3.213883119323728
Ryu,0.5616438356164383,0.375,0.0,0.5,0.25,0.576923076923077,0.6666666666666665,0.018518518518518517,0.175,0.2222222222222222,0.18147342420218004,0.13015073041905353,3.7144116834959777
Olimar,0.23287671232876705,0.75,0.75,1.0,0.125,0.46153846153846156,0.33333333333333304,0.24074074074074073,0.575,0.8888888888888888,0.3533841216195224,0.07661188411426899,3.7419328368847453
Wario,0.6301369863013698,0.75,0.0,0.0,0.375,0.576923076923077,0.6470588235294117,0.5740740740740741,0.22500000000000003,0.5555555555555556,0.46667534592684734,-0.03887504853028703,3.7963165786567767
Ice Climbers,0.410958904109589,0.375,0.5,0.25,0.125,0.8076923076923078,0.4705882352941173,0.0,0.5,0.6666666666666665,0.0,0.19703988085172885,3.8617683776913077
