name,weight,recovery,spacing,projectiles,speed,combo_game,killpower,edgeguard,ledgetrap,cheese,easy,Distance
Sora,0.3150684931506849,0.875,1.0,0.6666666666666666,0.25,0.34615384615384615,0.4509803921568627,0.2777777777777778,0.3,0.6,0.7374848810423233,1.977191792106988
Mewtwo,0.2191780821917808,0.625,0.75,0.6666666666666666,0.75,0.3076923076923077,0.6666666666666667,0.35185185185185186,0.375,0.8,0.5060433745889366,2.1162024677972573
Mii Swordfighter,0.5205479452054794,0.625,0.75,0.6666666666666666,0.375,0.3076923076923077,0.4509803921568627,0.35185185185185186,0.4,0.6,0.7759625722160969,2.2691977179708775
Robin,0.4520547945205479,0.625,0.75,1.0,0.125,0.15384615384615385,0.6470588235294117,0.3148148148148148,0.25,0.6,0.37355950135848337,2.3447922967173813
Rosalina & Luma,0.273972602739726,0.625,0.75,0.6666666666666666,0.5,0.23076923076923078,0.37254901960784315,0.16666666666666666,0.375,0.6,0.21725070540058888,2.522248586869352
