name,weight,recovery,spacing,projectiles,speed,combo_game,killpower,edgeguard,ledgetrap,cheese,easy,Distance
Yoshi,0.5753424657534246,0.75,0.25,0.25,0.625,0.34615384615384615,0.5686274509803921,0.3148148148148148,0.275,0.4,0.7985359829658762,2.681132226890289
Inkling,0.4383561643835616,1.0,0.0,0.5,0.625,0.5,0.6470588235294117,0.6851851851851852,0.2,0.6,0.6256887513964596,2.856225684020314
Marth,0.3835616438356164,0.625,1.0,0.0,0.75,0.34615384615384615,0.5294117647058824,0.5185185185185185,0.25,0.2,0.4912730143370577,2.900975742831097
Lucina,0.3835616438356164,0.625,1.0,0.0,0.75,0.3076923076923077,0.4509803921568627,0.5185185185185185,0.35,0.0,0.8949611947230682,3.0052304440673
Wolf,0.410958904109589,0.5,0.5,0.25,0.5,0.46153846153846156,0.6470588235294117,0.3888888888888889,0.375,0.4,0.7696714150290344,3.117486069069511
