name,weight,recovery,spacing,projectiles,speed,combo_game,killpower,edgeguard,ledgetrap,cheese,easy,Silhouette Score,Distance
Joker,0.4246575342465754,0.875,0.75,0.5,0.5,0.3076923076923078,0.5294117647058822,0.7407407407407407,0.15000000000000002,0.6666666666666665,0.4600776104908679,0.066892473447554,1.9612815214618553
Inkling,0.4383561643835615,1.0,0.0,0.5,0.625,0.5000000000000001,0.6470588235294117,0.6851851851851852,0.2,0.4444444444444445,0.6256887513964595,0.12067943947700363,2.256540524104058
Bowser Jr.,0.6301369863013698,0.625,0.5,0.75,0.25,0.5000000000000001,0.8039215686274508,0.6481481481481481,0.25000000000000006,0.4444444444444445,0.5876688280798674,0.17261351037934972,2.377070437209638
Pit,0.4657534246575342,0.625,0.75,0.5,0.5,0.34615384615384615,0.4509803921568625,0.6481481481481481,0.125,0.0,0.7210388387583186,0.08475704502941986,2.7869551493023637
Meta Knight,0.2465753424657534,1.0,0.5,0.0,0.625,0.5000000000000001,0.8431372549019605,0.7592592592592592,0.25000000000000006,0.1111111111111111,0.4301169197209813,0.1423468205189991,2.8222906418718794
