name,weight,recovery,spacing,projectiles,speed,combo_game,killpower,edgeguard,ledgetrap,cheese,easy,Distance
Falco,0.273972602739726,0.25,0.5,0.25,0.5,0.5384615384615384,0.6666666666666667,0.46296296296296297,0.275,0.2,0.5277852438791648,1.860073016143691
Mario,0.4931506849315068,0.375,0.0,0.25,0.5,0.5384615384615384,0.47058823529411764,0.2777777777777778,0.3,0.4,0.8278415198585407,1.951739409204793
Corrin,0.4931506849315068,0.375,1.0,0.25,0.375,0.5384615384615384,0.6470588235294117,0.4074074074074074,0.225,0.2,0.686924640479012,2.0395895505117805
Palutena,0.3972602739726027,0.5,0.5,0.5,0.625,0.34615384615384615,0.5098039215686274,0.48148148148148145,0.6,0.2,0.884629922043797,2.100041564471267
Mii Brawler,0.4383561643835616,0.5,0.0,0.25,0.5,0.38461538461538464,0.5686274509803921,0.12962962962962962,0.3,0.6,0.6994607579373959,2.1165325005012487
