name,weight,recovery,spacing,projectiles,speed,combo_game,killpower,edgeguard,ledgetrap,cheese,easy,Distance
Mii Brawler,0.4383561643835616,0.5,0.0,0.3333333333333333,0.5,0.38461538461538464,0.5686274509803921,0.12962962962962962,0.3,0.6,0.6994607579373959,1.7477186680510144
Mario,0.4931506849315068,0.375,0.0,0.3333333333333333,0.5,0.5384615384615384,0.47058823529411764,0.2777777777777778,0.3,0.4,0.8278415198585407,1.9190272752614095
Wolf,0.410958904109589,0.5,0.5,0.3333333333333333,0.5,0.46153846153846156,0.6470588235294117,0.3888888888888889,0.375,0.4,0.7696714150290344,2.2013753758633903
Inkling,0.4383561643835616,1.0,0.0,0.3333333333333333,0.625,0.5,0.6470588235294117,0.6851851851851852,0.2,0.6,0.6256887513964596,2.532593684845209
Wario,0.6301369863013698,0.625,0.25,0.3333333333333333,0.375,0.5769230769230769,0.6470588235294117,0.5740740740740741,0.225,0.4,0.46667534592684745,2.660395116280255
