name,weight,recovery,spacing,projectiles,speed,combo_game,killpower,edgeguard,ledgetrap,cheese,easy,Silhouette Score,Distance
Zelda,0.31506849315068497,0.75,0.25,1.0,0.25,0.07692307692307698,0.784313725490196,0.2777777777777778,0.5,0.6666666666666665,0.719762128806592,0.27034196208100403,2.0664261207500183
Ness,0.4383561643835615,0.5,0.75,0.75,0.25,0.23076923076923073,0.5490196078431371,0.35185185185185186,0.575,0.8888888888888888,0.7034420776528224,0.1512928587859424,2.309780248098717
Villager,0.410958904109589,0.5,0.25,1.0,0.25,0.038461538461538436,0.7058823529411762,0.6666666666666666,0.45,0.5555555555555556,0.5960514380288311,0.34898560285989483,2.371454936466315
Piranha Plant,0.684931506849315,0.375,0.25,0.75,0.25,0.3076923076923078,0.3529411764705883,0.31481481481481477,0.4,0.5555555555555556,0.641126864638584,0.179462755380171,2.4830565167660015
Banjo & Kazooie,0.6027397260273973,0.375,0.5,1.0,0.375,0.15384615384615385,0.392156862745098,0.35185185185185186,0.275,0.6666666666666665,0.6712723423154878,0.19863469467110823,2.4909315884999286
