name,poids,recovery,spacing,projectiles,speed,combo_game,killpower,edgeguard,ledgetrap,cheese,easy,Distance
Meta Knight,0.2465753424657534,1.0,0.25,0.0,0.625,0.5,0.8431372549019608,0.7592592592592593,0.25,0.2,0.43011691972098154,3.8587353203324484
Kirby,0.2328767123287671,0.25,0.0,0.0,0.25,0.4230769230769231,0.3529411764705882,0.35185185185185186,0.15,0.8,0.9027516463599274,4.168912507146338
Inkling,0.4383561643835616,1.0,0.0,0.3333333333333333,0.625,0.5,0.6470588235294117,0.6851851851851852,0.2,0.6,0.6256887513964596,4.207397693701839
Joker,0.4246575342465753,0.875,0.75,0.3333333333333333,0.5,0.3076923076923077,0.5294117647058824,0.7407407407407407,0.15,0.4,0.46007761049086804,4.2367892932202675
Wario,0.6301369863013698,0.625,0.25,0.3333333333333333,0.375,0.5769230769230769,0.6470588235294117,0.5740740740740741,0.225,0.4,0.46667534592684745,4.2433379977682035
