name,weight,recovery,spacing,projectiles,speed,combo_game,killpower,edgeguard,ledgetrap,cheese,easy,Silhouette Score,Distance
Bayonetta,0.26027397260273977,0.875,0.25,0.5,0.375,0.7692307692307693,0.17647058823529393,0.31481481481481477,0.275,0.6666666666666665,0.2856134926661078,0.20042176129365907,2.2417191518528377
Diddy Kong,0.38356164383561653,0.625,0.25,0.75,0.625,0.2692307692307693,0.4117647058823528,0.14814814814814814,0.15000000000000002,0.6666666666666665,0.38123236118979564,0.10264373487658977,3.635378444212036
Isabelle,0.3561643835616438,0.5,0.25,1.0,0.25,0.3076923076923078,0.5490196078431371,0.37037037037037035,0.47500000000000003,0.6666666666666665,0.6301530371951143,0.2708147195841238,4.071241265773432
Pikachu,0.23287671232876705,1.0,0.25,0.5,0.625,0.2692307692307693,0.33333333333333304,0.6851851851851852,0.175,0.7777777777777777,0.34148215960064854,0.052048234015534704,4.138995057254373
Mii Brawler,0.4383561643835615,0.5,0.25,0.25,0.5,0.3846153846153847,0.5686274509803919,0.12962962962962962,0.30000000000000004,0.5555555555555556,0.6994607579373959,0.233154776828591,4.158261172713411
