name,weight,recovery,spacing,projectiles,speed,combo_game,killpower,edgeguard,ledgetrap,cheese,easy,Silhouette Score,Distance
Joker,0.4246575342465754,0.875,0.75,0.5,0.5,0.3076923076923078,0.5294117647058822,0.7407407407407407,0.15000000000000002,0.6666666666666665,0.4600776104908679,0.066892473447554,2.6431676933980213
Pichu,0.0,1.0,0.25,0.5,0.5,0.423076923076923,0.4705882352941173,0.5925925925925926,0.25000000000000006,0.7777777777777777,0.34265387711183415,0.038633989589886446,2.725558037381786
Pikachu,0.23287671232876705,1.0,0.25,0.5,0.625,0.2692307692307693,0.33333333333333304,0.6851851851851852,0.175,0.7777777777777777,0.34148215960064854,0.052048234015534704,2.820202244344437
Lucas,0.4383561643835615,0.625,0.75,0.75,0.375,0.34615384615384615,0.23529411764705888,0.5370370370370371,0.325,0.5555555555555556,0.5663637279571264,-0.015049255373281022,3.0846585758698817
R.O.B.,0.6027397260273973,1.0,0.75,0.75,0.5,0.34615384615384615,0.4901960784313726,0.5370370370370371,0.2,0.8888888888888888,0.7265278525002122,0.12140533429740248,3.1095691021712293
