name,weight,recovery,spacing,projectiles,speed,combo_game,killpower,edgeguard,ledgetrap,cheese,easy,Distance
Joker,0.4246575342465753,0.875,0.75,0.5,0.5,0.3076923076923077,0.5294117647058824,0.7407407407407407,0.15,0.6666666666666666,0.46007761049086804,1.911003628661144
Inkling,0.4383561643835616,1.0,0.0,0.5,0.625,0.5,0.6470588235294117,0.6851851851851852,0.2,0.4444444444444444,0.6256887513964596,2.2542123711347184
Bowser Jr.,0.6301369863013698,0.625,0.5,0.75,0.25,0.5,0.803921568627451,0.6481481481481481,0.25,0.4444444444444444,0.5876688280798674,2.292761286604707
Wario,0.6301369863013698,0.75,0.0,0.0,0.375,0.5769230769230769,0.6470588235294117,0.5740740740740741,0.225,0.5555555555555556,0.46667534592684745,2.466617317447994
Pit,0.4657534246575342,0.625,0.75,0.5,0.5,0.34615384615384615,0.4509803921568627,0.6481481481481481,0.125,0.0,0.7210388387583188,2.77473972715368
