name,weight,recovery,spacing,projectiles,speed,combo_game,killpower,edgeguard,ledgetrap,cheese,easy,Distance
Rosalina & Luma,0.273972602739726,0.625,0.75,0.75,0.5,0.23076923076923078,0.37254901960784315,0.16666666666666666,0.375,0.6,0.21725070540058888,2.7009371617999363
Duck Hunt,0.3287671232876712,0.75,0.5,1.0,0.5,0.38461538461538464,0.0,0.4074074074074074,0.4,0.6,0.326892386719434,2.741449580286511
Isabelle,0.3561643835616438,0.5,0.0,1.0,0.25,0.3076923076923077,0.5490196078431373,0.37037037037037035,0.475,0.8,0.6301530371951143,2.7903396010866115
Young Link,0.3561643835616438,0.5,0.5,1.0,0.5,0.4230769230769231,0.27450980392156865,0.14814814814814814,0.4,0.2,0.6575351095835182,2.9149352277546248
Ness,0.4383561643835616,0.5,0.25,0.75,0.25,0.23076923076923078,0.5490196078431373,0.35185185185185186,0.575,0.8,0.7034420776528225,2.9749109404281104
