name,poids,recovery,spacing,projectiles,speed,combo_game,killpower,edgeguard,ledgetrap,cheese,easy,Distance
Wolf,0.410958904109589,0.5,0.5,0.3333333333333333,0.5,0.46153846153846156,0.6470588235294117,0.3888888888888889,0.375,0.4,0.7696714150290344,2.671451573807025
Corrin,0.4931506849315068,0.375,1.0,0.3333333333333333,0.375,0.5384615384615384,0.6470588235294117,0.4074074074074074,0.225,0.2,0.686924640479012,2.6875282043848667
Sora,0.3150684931506849,0.875,1.0,0.3333333333333333,0.25,0.34615384615384615,0.4509803921568627,0.2777777777777778,0.3,0.6,0.7374848810423233,2.7717889840506684
Mii Swordfighter,0.5205479452054794,0.625,0.75,0.6666666666666666,0.375,0.3076923076923077,0.4509803921568627,0.35185185185185186,0.4,0.6,0.7759625722160969,2.8582252474652763
Sephiroth,0.2328767123287671,0.625,1.0,0.6666666666666666,0.375,0.19230769230769232,0.5882352941176471,0.48148148148148145,0.325,0.6,0.5643478698733662,3.0841932534388206
