name,weight,recovery,spacing,projectiles,speed,combo_game,killpower,edgeguard,ledgetrap,cheese,easy,Distance
Diddy Kong,0.3835616438356164,0.625,0.25,0.75,0.625,0.2692307692307692,0.4117647058823529,0.14814814814814814,0.15,0.6666666666666666,0.38123236118979575,3.094309358473689
Megaman,0.547945205479452,0.875,0.25,1.0,0.5,0.07692307692307693,0.5490196078431373,0.4444444444444444,0.3,0.4444444444444444,0.32118498851978783,3.2022717849996862
Banjo & Kazooie,0.6027397260273972,0.375,0.5,1.0,0.375,0.15384615384615385,0.3921568627450981,0.35185185185185186,0.275,0.6666666666666666,0.6712723423154878,3.474339263574769
Hero,0.5342465753424658,0.75,1.0,0.75,0.375,0.19230769230769232,0.6862745098039216,0.2777777777777778,0.25,1.0,0.6265958875341517,3.9821382164358794
Pac-Man,0.4520547945205479,1.0,0.0,0.75,0.375,0.5769230769230769,0.17647058823529416,0.2777777777777778,0.225,0.8888888888888888,0.23161369424738065,4.049626538790432
