name,weight,recovery,spacing,projectiles,speed,combo_game,killpower,edgeguard,ledgetrap,cheese,easy,Silhouette Score,Distance
Mario,0.49315068493150693,0.375,0.0,0.25,0.5,0.5384615384615384,0.4705882352941173,0.2777777777777778,0.30000000000000004,0.3333333333333333,0.8278415198585406,0.34147689587400465,2.744198987312511
Mii Brawler,0.4383561643835615,0.5,0.25,0.25,0.5,0.3846153846153847,0.5686274509803919,0.12962962962962962,0.30000000000000004,0.5555555555555556,0.6994607579373959,0.233154776828591,3.1146584482429174
Falco,0.2739726027397261,0.25,0.5,0.25,0.5,0.5384615384615384,0.6666666666666665,0.4629629629629629,0.275,0.1111111111111111,0.5277852438791648,0.11402513264975575,3.18897834644396
Wolf,0.410958904109589,0.5,0.5,0.25,0.5,0.46153846153846156,0.6470588235294117,0.38888888888888884,0.37500000000000006,0.1111111111111111,0.7696714150290342,0.11508431152434585,3.2019969938905137
Dr. Mario,0.49315068493150693,0.0,0.0,0.25,0.125,0.423076923076923,0.607843137254902,0.4444444444444444,0.45,0.1111111111111111,0.6925396450991583,0.21467831779557867,3.205254980010449
