name,weight,recovery,spacing,projectiles,speed,combo_game,killpower,edgeguard,ledgetrap,cheese,easy,Distance
Pac-Man,0.4520547945205479,1.0,0.0,0.75,0.375,0.5769230769230769,0.17647058823529416,0.2777777777777778,0.225,0.8888888888888888,0.23161369424738065,2.0284365880820694
Peach,0.3698630136986301,0.75,0.5,0.75,0.25,0.7692307692307693,0.2549019607843137,0.6481481481481481,0.4,0.3333333333333333,0.07329323999406112,2.6459647895668033
Pichu,0.0,1.0,0.25,0.5,0.5,0.4230769230769231,0.47058823529411764,0.5925925925925926,0.25,0.7777777777777778,0.34265387711183426,3.191747440045645
Duck Hunt,0.3287671232876712,0.5,0.5,1.0,0.5,0.38461538461538464,0.0,0.4074074074074074,0.4,0.4444444444444444,0.326892386719434,3.386498756819284
Pokemon Trainer,0.4657534246575342,0.75,0.5,0.5,0.5,0.5384615384615384,0.5882352941176471,0.6851851851851852,0.225,0.4444444444444444,0.30546549525479316,3.4307213036448085
