name,weight,recovery,spacing,projectiles,speed,combo_game,killpower,edgeguard,ledgetrap,cheese,easy,Silhouette Score,Distance
Mii Swordfighter,0.5205479452054794,0.625,1.0,0.75,0.375,0.3076923076923078,0.4509803921568625,0.35185185185185186,0.4,0.5555555555555556,0.7759625722160968,0.1774722602092593,2.4380014882544776
Ness,0.4383561643835615,0.5,0.75,0.75,0.25,0.23076923076923073,0.5490196078431371,0.35185185185185186,0.575,0.8888888888888888,0.7034420776528224,0.1512928587859424,2.5414908267229532
Toon Link,0.39726027397260266,0.625,0.75,1.0,0.5,0.1923076923076923,0.4705882352941173,0.31481481481481477,0.47500000000000003,0.3333333333333333,0.6617642117710795,0.15962981249910074,2.9748280300014547
Banjo & Kazooie,0.6027397260273973,0.375,0.5,1.0,0.375,0.15384615384615385,0.392156862745098,0.35185185185185186,0.275,0.6666666666666665,0.6712723423154878,0.19863469467110823,3.0032341597317873
Young Link,0.3561643835616438,0.625,0.75,1.0,0.5,0.423076923076923,0.27450980392156854,0.14814814814814814,0.4,0.6666666666666665,0.6575351095835182,0.01545952547909732,3.1079129319703567
