name,weight,recovery,spacing,projectiles,speed,combo_game,killpower,edgeguard,ledgetrap,cheese,easy,Silhouette Score,Distance
Ness,0.4383561643835615,0.5,0.75,0.75,0.25,0.23076923076923073,0.5490196078431371,0.35185185185185186,0.575,0.8888888888888888,0.7034420776528224,0.1512928587859424,3.227704070570028
King K. Rool,0.9726027397260274,0.5,0.5,0.75,0.25,0.34615384615384615,0.6274509803921569,0.18518518518518517,0.37500000000000006,1.0,1.0,0.026044481515825568,3.5389365625092863
Mii Swordfighter,0.5205479452054794,0.625,1.0,0.75,0.375,0.3076923076923078,0.4509803921568625,0.35185185185185186,0.4,0.5555555555555556,0.7759625722160968,0.1774722602092593,3.602059550459329
Hero,0.5342465753424658,0.75,1.0,0.75,0.375,0.1923076923076923,0.6862745098039214,0.2777777777777778,0.25000000000000006,1.0,0.6265958875341516,0.25481911767511634,3.623004757231498
Min Min,0.5753424657534246,0.125,1.0,0.75,0.25,0.15384615384615385,0.7058823529411762,0.8148148148148148,0.42500000000000004,1.0,0.7712253057192602,0.1391273585272258,3.844203851371376
