name,weight,recovery,spacing,projectiles,speed,combo_game,killpower,edgeguard,ledgetrap,cheese,easy,Distance
Dr. Mario,0.4931506849315068,0.0,0.0,0.3333333333333333,0.125,0.4230769230769231,0.607843137254902,0.4444444444444444,0.45,1.0,0.6925396450991583,2.248219032395304
Ganondorf,0.7671232876712328,0.0,0.25,0.0,0.125,0.23076923076923078,0.5686274509803921,0.2037037037037037,0.2,0.8,0.940330600720697,2.715199671541183
Donkey Kong,0.8904109589041096,0.125,0.5,0.0,0.625,0.5,0.8627450980392157,0.25925925925925924,0.425,1.0,0.8763397056743332,3.0700583447529897
Ridley,0.6164383561643836,0.25,0.5,0.3333333333333333,0.5,0.2692307692307692,0.5490196078431373,0.42592592592592593,0.3,0.8,0.7347298750785118,3.306568120815017
King K. Rool,0.9726027397260274,0.5,0.0,0.6666666666666666,0.25,0.34615384615384615,0.6274509803921569,0.18518518518518517,0.375,1.0,1.0,3.342266310134058
