name,weight,recovery,spacing,projectiles,speed,combo_game,killpower,edgeguard,ledgetrap,cheese,easy,Distance
Zero Suit Samus,0.2465753424657534,1.0,0.5,0.3333333333333333,0.875,0.23076923076923078,0.7254901960784313,0.48148148148148145,0.375,0.0,0.30147577596269626,1.271904535752069
Sheik,0.2191780821917808,0.875,0.25,0.3333333333333333,0.875,0.3076923076923077,0.6470588235294117,0.6111111111111112,0.3,0.0,0.09134776895673868,2.209417711366255
Diddy Kong,0.3835616438356164,0.625,0.5,0.3333333333333333,0.625,0.2692307692307692,0.4117647058823529,0.14814814814814814,0.15,0.2,0.38123236118979575,2.620402482460134
Marth,0.3835616438356164,0.625,1.0,0.0,0.75,0.34615384615384615,0.5294117647058824,0.5185185185185185,0.25,0.2,0.4912730143370577,2.6540393628706815
Pokemon Trainer,0.4657534246575342,0.875,0.5,0.3333333333333333,0.5,0.5384615384615384,0.5882352941176471,0.6851851851851852,0.225,0.2,0.30546549525479316,3.0630708551815635
