name,weight,recovery,spacing,projectiles,speed,combo_game,killpower,edgeguard,ledgetrap,cheese,easy,Silhouette Score,Distance
Pikachu,0.23287671232876705,1.0,0.25,0.5,0.625,0.2692307692307693,0.33333333333333304,0.6851851851851852,0.175,0.7777777777777777,0.34148215960064854,0.052048234015534704,1.867478433374326
Mr. Game & Watch,0.17808219178082185,1.0,0.75,0.5,0.5,0.5384615384615384,0.3529411764705883,0.7037037037037037,0.175,0.8888888888888888,0.7595879250738802,-0.002684698564339157,2.725558037381786
Joker,0.4246575342465754,0.875,0.75,0.5,0.5,0.3076923076923078,0.5294117647058822,0.7407407407407407,0.15000000000000002,0.6666666666666665,0.4600776104908679,0.066892473447554,3.0603468998593444
Pokemon Trainer,0.4657534246575342,0.75,0.5,0.5,0.5,0.5384615384615384,0.5882352941176467,0.6851851851851852,0.22500000000000003,0.4444444444444445,0.30546549525479305,0.11054182310797332,3.2389346511016703
Inkling,0.4383561643835615,1.0,0.0,0.5,0.625,0.5000000000000001,0.6470588235294117,0.6851851851851852,0.2,0.4444444444444445,0.6256887513964595,0.12067943947700363,3.3055979375025997
