name,weight,recovery,spacing,projectiles,speed,combo_game,killpower,edgeguard,ledgetrap,cheese,easy,Distance
Terry,0.6301369863013698,0.25,0.0,0.3333333333333333,0.25,0.6923076923076923,0.7254901960784313,0.14814814814814814,0.525,0.4,0.4097903506257383,2.0673999848820905
Ryu,0.5616438356164384,0.375,0.0,0.3333333333333333,0.25,0.5769230769230769,0.6666666666666667,0.018518518518518517,0.175,0.4,0.18147342420218004,2.8822194240998966
Fox,0.2054794520547945,0.25,0.0,0.3333333333333333,0.875,0.5769230769230769,0.803921568627451,0.037037037037037035,0.35,0.4,0.346693992604043,3.397037322340382
Wario,0.6301369863013698,0.625,0.25,0.3333333333333333,0.375,0.5769230769230769,0.6470588235294117,0.5740740740740741,0.225,0.4,0.46667534592684745,3.8136104636238257
Falco,0.273972602739726,0.25,0.5,0.3333333333333333,0.5,0.5384615384615384,0.6666666666666667,0.46296296296296297,0.275,0.2,0.5277852438791648,3.854528357015609
