name,weight,recovery,spacing,projectiles,speed,combo_game,killpower,edgeguard,ledgetrap,cheese,easy,Distance
Falco,0.273972602739726,0.25,0.5,0.25,0.5,0.5384615384615384,0.6666666666666667,0.46296296296296297,0.275,0.1111111111111111,0.5277852438791648,3.7225624090156204
Meta Knight,0.2465753424657534,1.0,0.5,0.0,0.625,0.5,0.8431372549019608,0.7592592592592593,0.25,0.1111111111111111,0.43011691972098154,3.942792650413509
Kirby,0.2328767123287671,0.25,0.25,0.0,0.25,0.4230769230769231,0.3529411764705882,0.35185185185185186,0.15,0.1111111111111111,0.9027516463599274,4.025422051665415
Pokemon Trainer,0.4657534246575342,0.75,0.5,0.5,0.5,0.5384615384615384,0.5882352941176471,0.6851851851851852,0.225,0.4444444444444444,0.30546549525479316,4.049936489527174
Joker,0.4246575342465753,0.875,0.75,0.5,0.5,0.3076923076923077,0.5294117647058824,0.7407407407407407,0.15,0.6666666666666666,0.46007761049086804,4.251920578580898
