name,weight,recovery,spacing,projectiles,speed,combo_game,killpower,edgeguard,ledgetrap,cheese,easy,Distance
Samus,0.6301369863013698,0.625,0.25,1.0,0.375,0.11538461538461539,0.27450980392156865,0.4074074074074074,0.675,0.4,0.722525534095092,3.89169784111551
Ness,0.4383561643835616,0.5,0.25,0.75,0.25,0.23076923076923078,0.5490196078431373,0.35185185185185186,0.575,0.8,0.7034420776528225,4.00499007177209
King Dedede,0.8904109589041096,0.75,1.0,0.75,0.125,0.3076923076923077,0.7843137254901961,0.46296296296296297,0.65,1.0,0.8116264613972942,4.071204836298598
Byleth,0.4794520547945205,0.5,1.0,0.5,0.125,0.3076923076923077,0.7058823529411764,0.37037037037037035,0.5,0.4,0.6607394838278406,4.0716798032344785
Link,0.5753424657534246,0.5,0.75,1.0,0.375,0.19230769230769232,0.5686274509803921,0.24074074074074073,0.525,0.2,0.4824536352206066,4.108590448058415
