name,poids,recovery,spacing,projectiles,speed,combo_game,killpower,edgeguard,ledgetrap,cheese,easy,Distance
Roy,0.4520547945205479,0.25,0.75,0.0,0.75,0.4230769230769231,0.7843137254901961,0.18518518518518517,0.425,0.8,0.7417727792586492,1.941106066704294
Wolf,0.410958904109589,0.5,0.5,0.3333333333333333,0.5,0.46153846153846156,0.6470588235294117,0.3888888888888889,0.375,0.4,0.7696714150290344,2.764382912108451
Captain Falcon,0.5753424657534246,0.25,0.0,0.0,0.75,0.34615384615384615,0.5686274509803921,0.42592592592592593,0.525,0.2,0.6032455315652505,2.8167192432869044
Pyra Mythra,0.4520547945205479,0.25,1.0,0.3333333333333333,0.875,0.38461538461538464,0.3529411764705882,0.2222222222222222,0.4,0.4,0.9433291896202904,2.9678853000963428
Little Mac,0.3424657534246575,0.0,0.25,0.0,0.875,0.19230769230769232,0.9019607843137255,0.05555555555555555,0.575,1.0,0.857516630817222,2.973995477382915
