name,weight,recovery,spacing,projectiles,speed,combo_game,killpower,edgeguard,ledgetrap,cheese,easy,Distance
Zero Suit Samus,0.2465753424657534,1.0,0.5,0.25,0.875,0.23076923076923078,0.7254901960784313,0.48148148148148145,0.375,0.0,0.30147577596269626,1.4563125603365625
Marth,0.3835616438356164,0.625,1.0,0.0,0.75,0.34615384615384615,0.5294117647058824,0.5185185185185185,0.25,0.2,0.4912730143370577,2.288423691785314
Sheik,0.2191780821917808,0.875,0.0,0.25,0.875,0.3076923076923077,0.6470588235294117,0.6111111111111112,0.3,0.0,0.09134776895673868,2.9887896772914595
Lucina,0.3835616438356164,0.625,1.0,0.0,0.75,0.3076923076923077,0.4509803921568627,0.5185185185185185,0.35,0.0,0.8949611947230682,3.10435870306452
Meta Knight,0.2465753424657534,1.0,0.5,0.0,0.625,0.5,0.8431372549019608,0.7592592592592593,0.25,0.2,0.43011691972098154,3.121721684204696
