name,weight,recovery,spacing,projectiles,speed,combo_game,killpower,edgeguard,ledgetrap,cheese,easy,Silhouette Score,Distance
Mii Brawler,0.4383561643835615,0.5,0.25,0.25,0.5,0.3846153846153847,0.5686274509803919,0.12962962962962962,0.30000000000000004,0.5555555555555556,0.6994607579373959,0.233154776828591,1.7346831899569883
Wolf,0.410958904109589,0.5,0.5,0.25,0.5,0.46153846153846156,0.6470588235294117,0.38888888888888884,0.37500000000000006,0.1111111111111111,0.7696714150290342,0.11508431152434585,2.304565719876102
Ridley,0.6164383561643835,0.375,0.5,0.5,0.5,0.2692307692307693,0.5490196078431371,0.42592592592592593,0.30000000000000004,0.1111111111111111,0.7347298750785117,0.1048688645781983,2.4159315451024934
Mario,0.49315068493150693,0.375,0.0,0.25,0.5,0.5384615384615384,0.4705882352941173,0.2777777777777778,0.30000000000000004,0.3333333333333333,0.8278415198585406,0.34147689587400465,2.600646029020641
Inkling,0.4383561643835615,1.0,0.0,0.5,0.625,0.5000000000000001,0.6470588235294117,0.6851851851851852,0.2,0.4444444444444445,0.6256887513964595,0.12067943947700363,2.760620060212117
