name,weight,recovery,spacing,projectiles,speed,combo_game,killpower,edgeguard,ledgetrap,cheese,easy,Distance
Greninja,0.3561643835616438,0.5,0.75,0.25,0.875,0.3076923076923077,0.7254901960784313,0.2962962962962963,0.35,0.0,0.37788519691387956,2.134864651188034
Sephiroth,0.2328767123287671,0.625,1.0,0.5,0.375,0.19230769230769232,0.5882352941176471,0.48148148148148145,0.325,0.5555555555555556,0.5643478698733662,2.288804079455028
Toon Link,0.3972602739726027,0.625,0.75,1.0,0.5,0.19230769230769232,0.47058823529411764,0.3148148148148148,0.475,0.3333333333333333,0.6617642117710796,2.3166237027151495
Marth,0.3835616438356164,0.625,1.0,0.0,0.75,0.34615384615384615,0.5294117647058824,0.5185185185185185,0.25,0.1111111111111111,0.4912730143370577,2.688243483547216
Zero Suit Samus,0.2465753424657534,1.0,0.5,0.25,0.875,0.23076923076923078,0.7254901960784313,0.48148148148148145,0.375,0.3333333333333333,0.30147577596269626,2.7929137403967017
