name,weight,recovery,spacing,projectiles,speed,combo_game,killpower,edgeguard,ledgetrap,cheese,easy,Distance
Mii Swordfighter,0.5205479452054794,0.625,1.0,0.75,0.375,0.3076923076923077,0.4509803921568627,0.35185185185185186,0.4,0.5555555555555556,0.7759625722160969,2.437040153999522
Ness,0.4383561643835616,0.5,0.75,0.75,0.25,0.23076923076923078,0.5490196078431373,0.35185185185185186,0.575,0.8888888888888888,0.7034420776528225,2.533907792886877
Young Link,0.3561643835616438,0.625,0.75,1.0,0.5,0.4230769230769231,0.27450980392156865,0.14814814814814814,0.4,0.6666666666666666,0.6575351095835182,2.6826282304696267
Toon Link,0.3972602739726027,0.625,0.75,1.0,0.5,0.19230769230769232,0.47058823529411764,0.3148148148148148,0.475,0.3333333333333333,0.6617642117710796,2.9727224937745054
Banjo & Kazooie,0.6027397260273972,0.375,0.5,1.0,0.375,0.15384615384615385,0.3921568627450981,0.35185185185185186,0.275,0.6666666666666666,0.6712723423154878,2.989929009506551
