name,weight,recovery,spacing,projectiles,speed,combo_game,killpower,edgeguard,ledgetrap,cheese,easy,Silhouette Score,Distance
Pokemon Trainer,0.4657534246575342,0.75,0.5,0.5,0.5,0.5384615384615384,0.5882352941176467,0.6851851851851852,0.22500000000000003,0.4444444444444445,0.30546549525479305,0.11054182310797332,2.8923227768554614
Inkling,0.4383561643835615,1.0,0.0,0.5,0.625,0.5000000000000001,0.6470588235294117,0.6851851851851852,0.2,0.4444444444444445,0.6256887513964595,0.12067943947700363,2.957798433655388
Lucario,0.410958904109589,0.75,0.25,0.5,0.625,0.3846153846153847,0.7058823529411762,0.1111111111111111,0.30000000000000004,0.6666666666666665,0.4346232023950598,0.04442586065524684,3.4770799302599014
Joker,0.4246575342465754,0.875,0.75,0.5,0.5,0.3076923076923078,0.5294117647058822,0.7407407407407407,0.15000000000000002,0.6666666666666665,0.4600776104908679,0.066892473447554,3.5913975885368843
Bowser Jr.,0.6301369863013698,0.625,0.5,0.75,0.25,0.5000000000000001,0.8039215686274508,0.6481481481481481,0.25000000000000006,0.4444444444444445,0.5876688280798674,0.17261351037934972,3.5992503226170984
