name,weight,recovery,spacing,projectiles,speed,combo_game,killpower,edgeguard,ledgetrap,cheese,easy,Distance
Pokemon Trainer,0.4657534246575342,0.875,0.5,0.3333333333333333,0.5,0.5384615384615384,0.5882352941176471,0.6851851851851852,0.225,0.2,0.30546549525479316,2.32343084796145
Inkling,0.4383561643835616,1.0,0.0,0.3333333333333333,0.625,0.5,0.6470588235294117,0.6851851851851852,0.2,0.6,0.6256887513964596,2.4591800647804556
Sheik,0.2191780821917808,0.875,0.25,0.3333333333333333,0.875,0.3076923076923077,0.6470588235294117,0.6111111111111112,0.3,0.0,0.09134776895673868,2.6962037201837012
Zero Suit Samus,0.2465753424657534,1.0,0.5,0.3333333333333333,0.875,0.23076923076923078,0.7254901960784313,0.48148148148148145,0.375,0.0,0.30147577596269626,2.8369041655154716
Joker,0.4246575342465753,0.875,0.75,0.3333333333333333,0.5,0.3076923076923077,0.5294117647058824,0.7407407407407407,0.15,0.4,0.46007761049086804,2.956002069195827
