name,weight,recovery,spacing,projectiles,speed,combo_game,killpower,edgeguard,ledgetrap,cheese,easy,Silhouette Score,Distance
Diddy Kong,0.38356164383561653,0.625,0.25,0.75,0.625,0.2692307692307693,0.4117647058823528,0.14814814814814814,0.15000000000000002,0.6666666666666665,0.38123236118979564,0.10264373487658977,2.7437100637959704
Toon Link,0.39726027397260266,0.625,0.75,1.0,0.5,0.1923076923076923,0.4705882352941173,0.31481481481481477,0.47500000000000003,0.3333333333333333,0.6617642117710795,0.15962981249910074,2.7942486726857374
Banjo & Kazooie,0.6027397260273973,0.375,0.5,1.0,0.375,0.15384615384615385,0.392156862745098,0.35185185185185186,0.275,0.6666666666666665,0.6712723423154878,0.19863469467110823,2.9060996248492534
Robin,0.45205479452054786,0.5,0.75,1.0,0.125,0.15384615384615385,0.6470588235294117,0.31481481481481477,0.25000000000000006,0.2222222222222222,0.37355950135848337,0.2178529991843598,2.987518303777624
Link,0.5753424657534246,0.5,0.75,1.0,0.375,0.1923076923076923,0.5686274509803919,0.24074074074074073,0.525,0.2222222222222222,0.4824536352206066,0.22786776103699483,3.0647728991599092
