name,weight,recovery,spacing,projectiles,speed,combo_game,killpower,edgeguard,ledgetrap,cheese,easy,Distance
Pokemon Trainer,0.4657534246575342,0.75,0.5,0.5,0.5,0.5384615384615384,0.5882352941176471,0.6851851851851852,0.225,0.4444444444444444,0.30546549525479316,2.292761286604707
Wario,0.6301369863013698,0.75,0.0,0.0,0.375,0.5769230769230769,0.6470588235294117,0.5740740740740741,0.225,0.5555555555555556,0.46667534592684745,2.895533561963638
Ridley,0.6164383561643836,0.375,0.5,0.5,0.5,0.2692307692307692,0.5490196078431373,0.42592592592592593,0.3,0.1111111111111111,0.7347298750785118,2.906584785733586
Joker,0.4246575342465753,0.875,0.75,0.5,0.5,0.3076923076923077,0.5294117647058824,0.7407407407407407,0.15,0.6666666666666666,0.46007761049086804,2.934351710440234
Inkling,0.4383561643835616,1.0,0.0,0.5,0.625,0.5,0.6470588235294117,0.6851851851851852,0.2,0.4444444444444444,0.6256887513964596,2.9748671473501367
