name,weight,recovery,spacing,projectiles,speed,combo_game,killpower,edgeguard,ledgetrap,cheese,easy,Silhouette Score,Distance
Ken,0.5616438356164383,0.375,0.0,0.5,0.375,0.576923076923077,1.0,0.1111111111111111,0.525,0.3333333333333333,0.17837824218673393,0.1837101697038571,2.4297913483389695
Incineroar,0.7397260273972602,0.125,0.25,0.0,0.0,0.423076923076923,0.725490196078431,0.2592592592592593,0.525,0.8888888888888888,0.7416509876647671,0.16566696494281055,2.853704957694801
Luigi,0.4794520547945206,0.25,0.0,0.25,0.25,0.7692307692307693,0.9803921568627447,0.16666666666666666,0.15000000000000002,0.8888888888888888,0.4439633449338094,0.2920890262779068,2.9267060287558557
Ice Climbers,0.410958904109589,0.375,0.5,0.25,0.125,0.8076923076923078,0.4705882352941173,0.0,0.5,0.6666666666666665,0.0,0.19703988085172885,3.08898675648497
Mii Brawler,0.4383561643835615,0.5,0.25,0.25,0.5,0.3846153846153847,0.5686274509803919,0.12962962962962962,0.30000000000000004,0.5555555555555556,0.6994607579373959,0.233154776828591,3.2426201293889076
