name,weight,recovery,spacing,projectiles,speed,combo_game,killpower,edgeguard,ledgetrap,cheese,easy,Distance
Pokemon Trainer,0.4657534246575342,0.875,0.5,0.25,0.5,0.5384615384615384,0.5882352941176471,0.6851851851851852,0.225,0.2,0.30546549525479316,2.5529342175264875
Yoshi,0.5753424657534246,0.75,0.0,0.25,0.625,0.34615384615384615,0.5686274509803921,0.3148148148148148,0.275,0.4,0.7985359829658762,2.6302169048685324
Meta Knight,0.2465753424657534,1.0,0.25,0.0,0.625,0.5,0.8431372549019608,0.7592592592592593,0.25,0.2,0.43011691972098154,2.6699376187161206
Joker,0.4246575342465753,0.875,0.75,0.5,0.5,0.3076923076923077,0.5294117647058824,0.7407407407407407,0.15,0.4,0.46007761049086804,2.698305674776793
Sonic,0.3287671232876712,0.875,0.0,0.0,1.0,0.38461538461538464,0.4509803921568627,0.5925925925925926,0.3,0.4,0.740311282147923,2.764747340684367
