name,weight,recovery,spacing,projectiles,speed,combo_game,killpower,edgeguard,ledgetrap,cheese,easy,Distance
Zero Suit Samus,0.2465753424657534,1.0,0.5,0.25,0.875,0.23076923076923078,0.7254901960784313,0.48148148148148145,0.375,0.0,0.30147577596269626,1.9750681969436557
Meta Knight,0.2465753424657534,1.0,0.5,0.0,0.625,0.5,0.8431372549019608,0.7592592592592593,0.25,0.2,0.43011691972098154,2.9796348760906866
Greninja,0.3561643835616438,0.875,0.75,0.25,0.875,0.3076923076923077,0.7254901960784313,0.2962962962962963,0.35,0.0,0.37788519691387956,2.9887896772914595
Pokemon Trainer,0.4657534246575342,0.875,0.5,0.5,0.5,0.5384615384615384,0.5882352941176471,0.6851851851851852,0.225,0.2,0.30546549525479316,3.1673707148652888
Sonic,0.3287671232876712,0.875,0.25,0.0,1.0,0.38461538461538464,0.4509803921568627,0.5925925925925926,0.3,0.4,0.740311282147923,3.414507111792214
