name,weight,recovery,spacing,projectiles,speed,combo_game,killpower,edgeguard,ledgetrap,cheese,easy,Distance
Isabelle,0.3561643835616438,0.5,0.0,1.0,0.25,0.3076923076923077,0.5490196078431373,0.37037037037037035,0.475,0.8,0.6301530371951143,2.3019564541106576
Zelda,0.3150684931506849,0.75,0.25,1.0,0.25,0.07692307692307693,0.7843137254901961,0.2777777777777778,0.5,0.8,0.7197621288065921,2.427117365038753
Ness,0.4383561643835616,0.5,0.25,0.75,0.25,0.23076923076923078,0.5490196078431373,0.35185185185185186,0.575,0.8,0.7034420776528225,2.4789267144153024
Min Min,0.5753424657534246,0.125,0.5,0.75,0.25,0.15384615384615385,0.7058823529411764,0.8148148148148148,0.425,0.8,0.7712253057192603,2.6193981760197604
Megaman,0.547945205479452,0.875,0.25,1.0,0.5,0.07692307692307693,0.5490196078431373,0.4444444444444444,0.3,0.6,0.32118498851978783,2.7968573484622037
