name,weight,recovery,spacing,projectiles,speed,combo_game,killpower,edgeguard,ledgetrap,cheese,easy,Distance
Ness,0.4383561643835616,0.5,0.75,0.75,0.25,0.23076923076923078,0.5490196078431373,0.35185185185185186,0.575,0.8,0.7034420776528225,3.5009059539779326
Samus,0.6301369863013698,0.625,0.25,1.0,0.375,0.11538461538461539,0.27450980392156865,0.4074074074074074,0.675,0.4,0.722525534095092,3.9222158366209094
King Dedede,0.8904109589041096,0.75,1.0,0.75,0.125,0.3076923076923077,0.7843137254901961,0.46296296296296297,0.65,1.0,0.8116264613972942,4.0715453899997565
Byleth,0.4794520547945205,0.5,1.0,0.5,0.125,0.3076923076923077,0.7058823529411764,0.37037037037037035,0.5,0.4,0.6607394838278406,4.07304168834254
Min Min,0.5753424657534246,0.125,1.0,0.75,0.25,0.15384615384615385,0.7058823529411764,0.8148148148148148,0.425,0.8,0.7712253057192603,4.074472250447646
