name,weight,recovery,spacing,projectiles,speed,combo_game,killpower,edgeguard,ledgetrap,cheese,easy,Distance
Cloud,0.5205479452054794,0.125,1.0,0.3333333333333333,0.625,0.5384615384615384,0.43137254901960786,0.2962962962962963,0.375,0.2,0.8781875755004525,1.7182984653375888
Lucina,0.3835616438356164,0.625,1.0,0.0,0.75,0.3076923076923077,0.4509803921568627,0.5185185185185185,0.35,0.0,0.8949611947230682,2.708292705429752
Chrom,0.4520547945205479,0.125,1.0,0.0,0.75,0.3076923076923077,0.7843137254901961,0.2962962962962963,0.6,0.4,0.7826275030055292,2.88221926711462
Roy,0.4520547945205479,0.25,1.0,0.0,0.75,0.4230769230769231,0.7843137254901961,0.18518518518518517,0.425,0.8,0.7417727792586492,2.8919688217935606
Wolf,0.410958904109589,0.5,0.5,0.3333333333333333,0.5,0.46153846153846156,0.6470588235294117,0.3888888888888889,0.375,0.4,0.7696714150290344,2.9572805606122756
