name,weight,recovery,spacing,projectiles,speed,combo_game,killpower,edgeguard,ledgetrap,cheese,easy,Distance
Zero Suit Samus,0.2465753424657534,1.0,0.5,0.25,0.875,0.23076923076923078,0.7254901960784313,0.48148148148148145,0.375,0.3333333333333333,0.30147577596269626,2.2541567040952653
Meta Knight,0.2465753424657534,1.0,0.5,0.0,0.625,0.5,0.8431372549019608,0.7592592592592593,0.25,0.1111111111111111,0.43011691972098154,2.9323243534997534
Greninja,0.3561643835616438,0.5,0.75,0.25,0.875,0.3076923076923077,0.7254901960784313,0.2962962962962963,0.35,0.0,0.37788519691387956,3.3056209215145604
Inkling,0.4383561643835616,1.0,0.0,0.5,0.625,0.5,0.6470588235294117,0.6851851851851852,0.2,0.4444444444444444,0.6256887513964596,3.4305879747790295
Pokemon Trainer,0.4657534246575342,0.75,0.5,0.5,0.5,0.5384615384615384,0.5882352941176471,0.6851851851851852,0.225,0.4444444444444444,0.30546549525479316,3.446853082992937
