name,weight,recovery,spacing,projectiles,speed,combo_game,killpower,edgeguard,ledgetrap,cheese,easy,Silhouette Score,Distance
Terry,0.6301369863013698,0.25,0.0,0.25,0.25,0.6923076923076924,0.725490196078431,0.14814814814814814,0.525,0.6666666666666665,0.4097903506257383,0.2438935806725692,2.853704957694801
Ganondorf,0.7671232876712327,0.0,0.25,0.0,0.125,0.23076923076923073,0.5686274509803919,0.2037037037037037,0.2,0.4444444444444445,0.940330600720697,0.07109402838759936,3.1525719027794814
Dr. Mario,0.49315068493150693,0.0,0.0,0.25,0.125,0.423076923076923,0.607843137254902,0.4444444444444444,0.45,0.1111111111111111,0.6925396450991583,0.21467831779557867,3.3498024056676647
Donkey Kong,0.8904109589041095,0.125,0.75,0.0,0.625,0.5000000000000001,0.8627450980392157,0.2592592592592593,0.42500000000000004,0.5555555555555556,0.8763397056743331,0.15783694783631175,3.4767790848808007
Piranha Plant,0.684931506849315,0.375,0.25,0.75,0.25,0.3076923076923078,0.3529411764705883,0.31481481481481477,0.4,0.5555555555555556,0.641126864638584,0.179462755380171,3.541385139980269
