name,weight,recovery,spacing,projectiles,speed,combo_game,killpower,edgeguard,ledgetrap,cheese,easy,Distance
Piranha Plant,0.684931506849315,0.375,0.25,0.75,0.25,0.3076923076923077,0.3529411764705882,0.3148148148148148,0.4,0.5555555555555556,0.6411268646385841,2.7430382711694787
Duck Hunt,0.3287671232876712,0.5,0.5,1.0,0.5,0.38461538461538464,0.0,0.4074074074074074,0.4,0.4444444444444444,0.326892386719434,2.8447335941875043
Young Link,0.3561643835616438,0.625,0.75,1.0,0.5,0.4230769230769231,0.27450980392156865,0.14814814814814814,0.4,0.6666666666666666,0.6575351095835182,2.8486684439905026
Isabelle,0.3561643835616438,0.5,0.25,1.0,0.25,0.3076923076923077,0.5490196078431373,0.37037037037037035,0.475,0.6666666666666666,0.6301530371951143,3.0352266658673592
Samus,0.6301369863013698,0.625,0.25,1.0,0.375,0.11538461538461539,0.27450980392156865,0.4074074074074074,0.675,0.3333333333333333,0.722525534095092,3.0616018942867367
