name,weight,recovery,spacing,projectiles,speed,combo_game,killpower,edgeguard,ledgetrap,cheese,easy,Silhouette Score,Distance
Mario,0.49315068493150693,0.375,0.0,0.25,0.5,0.5384615384615384,0.4705882352941173,0.2777777777777778,0.30000000000000004,0.3333333333333333,0.8278415198585406,0.34147689587400465,3.0479386555435295
Wolf,0.410958904109589,0.5,0.5,0.25,0.5,0.46153846153846156,0.6470588235294117,0.38888888888888884,0.37500000000000006,0.1111111111111111,0.7696714150290342,0.11508431152434585,3.1166459367949737
Falco,0.2739726027397261,0.25,0.5,0.25,0.5,0.5384615384615384,0.6666666666666665,0.4629629629629629,0.275,0.1111111111111111,0.5277852438791648,0.11402513264975575,3.153503581445961
Kirby,0.23287671232876705,0.25,0.25,0.0,0.25,0.423076923076923,0.3529411764705883,0.35185185185185186,0.15000000000000002,0.1111111111111111,0.9027516463599273,0.24976896853315678,3.205254980010449
Ridley,0.6164383561643835,0.375,0.5,0.5,0.5,0.2692307692307693,0.5490196078431371,0.42592592592592593,0.30000000000000004,0.1111111111111111,0.7347298750785117,0.1048688645781983,3.217952472332464
