name,weight,recovery,spacing,projectiles,speed,combo_game,killpower,edgeguard,ledgetrap,cheese,easy,Silhouette Score,Distance
Wolf,0.410958904109589,0.5,0.5,0.25,0.5,0.46153846153846156,0.6470588235294117,0.38888888888888884,0.37500000000000006,0.1111111111111111,0.7696714150290342,0.11508431152434585,2.3202610393839285
Toon Link,0.39726027397260266,0.625,0.75,1.0,0.5,0.1923076923076923,0.4705882352941173,0.31481481481481477,0.47500000000000003,0.3333333333333333,0.6617642117710795,0.15962981249910074,2.6151543157158494
Ridley,0.6164383561643835,0.375,0.5,0.5,0.5,0.2692307692307693,0.5490196078431371,0.42592592592592593,0.30000000000000004,0.1111111111111111,0.7347298750785117,0.1048688645781983,2.7001372069681886
Ness,0.4383561643835615,0.5,0.75,0.75,0.25,0.23076923076923073,0.5490196078431371,0.35185185185185186,0.575,0.8888888888888888,0.7034420776528224,0.1512928587859424,2.7803308954880777
Mii Swordfighter,0.5205479452054794,0.625,1.0,0.75,0.375,0.3076923076923078,0.4509803921568625,0.35185185185185186,0.4,0.5555555555555556,0.7759625722160968,0.1774722602092593,2.8082058149055937
