name,weight,recovery,spacing,projectiles,speed,combo_game,killpower,edgeguard,ledgetrap,cheese,easy,Distance
Bayonetta,0.2602739726027397,0.875,0.25,0.5,0.375,0.7692307692307693,0.17647058823529416,0.3148148148148148,0.275,0.6666666666666666,0.2856134926661079,2.6459647895668033
Pokemon Trainer,0.4657534246575342,0.75,0.5,0.5,0.5,0.5384615384615384,0.5882352941176471,0.6851851851851852,0.225,0.4444444444444444,0.30546549525479316,2.915455414701881
Duck Hunt,0.3287671232876712,0.5,0.5,1.0,0.5,0.38461538461538464,0.0,0.4074074074074074,0.4,0.4444444444444444,0.326892386719434,3.3339831470075207
Lucas,0.4383561643835616,0.625,0.75,0.75,0.375,0.34615384615384615,0.23529411764705888,0.5370370370370371,0.325,0.5555555555555556,0.5663637279571264,3.4100273879185625
Pac-Man,0.4520547945205479,1.0,0.0,0.75,0.375,0.5769230769230769,0.17647058823529416,0.2777777777777778,0.225,0.8888888888888888,0.23161369424738065,3.531529770288294
