name,weight,recovery,spacing,projectiles,speed,combo_game,killpower,edgeguard,ledgetrap,cheese,easy,Distance
Ness,0.4383561643835616,0.5,0.75,0.75,0.25,0.23076923076923078,0.5490196078431373,0.35185185185185186,0.575,0.8888888888888888,0.7034420776528225,1.9685826921387914
Zelda,0.3150684931506849,0.75,0.25,1.0,0.25,0.07692307692307693,0.7843137254901961,0.2777777777777778,0.5,0.6666666666666666,0.7197621288065921,2.066420594679711
Villager,0.410958904109589,0.5,0.25,1.0,0.25,0.038461538461538464,0.7058823529411764,0.6666666666666666,0.45,0.5555555555555556,0.5960514380288311,2.235928337299686
Toon Link,0.3972602739726027,0.625,0.75,1.0,0.5,0.19230769230769232,0.47058823529411764,0.3148148148148148,0.475,0.3333333333333333,0.6617642117710796,2.274626189629279
Piranha Plant,0.684931506849315,0.375,0.25,0.75,0.25,0.3076923076923077,0.3529411764705882,0.3148148148148148,0.4,0.5555555555555556,0.6411268646385841,2.3049542254021294
