name,weight,recovery,spacing,projectiles,speed,combo_game,killpower,edgeguard,ledgetrap,cheese,easy,Silhouette Score,Distance
Banjo & Kazooie,0.6027397260273973,0.375,0.5,1.0,0.375,0.15384615384615385,0.392156862745098,0.35185185185185186,0.275,0.6666666666666665,0.6712723423154878,0.19863469467110823,1.741309074296873
Isabelle,0.3561643835616438,0.5,0.25,1.0,0.25,0.3076923076923078,0.5490196078431371,0.37037037037037035,0.47500000000000003,0.6666666666666665,0.6301530371951143,0.2708147195841238,2.4830565167660015
Ridley,0.6164383561643835,0.375,0.5,0.5,0.5,0.2692307692307693,0.5490196078431371,0.42592592592592593,0.30000000000000004,0.1111111111111111,0.7347298750785117,0.1048688645781983,2.58659610534629
Mii Swordfighter,0.5205479452054794,0.625,1.0,0.75,0.375,0.3076923076923078,0.4509803921568625,0.35185185185185186,0.4,0.5555555555555556,0.7759625722160968,0.1774722602092593,2.6543722306330126
Link,0.5753424657534246,0.5,0.75,1.0,0.375,0.1923076923076923,0.5686274509803919,0.24074074074074073,0.525,0.2222222222222222,0.4824536352206066,0.22786776103699483,2.7321727790798445
