name,weight,recovery,spacing,projectiles,speed,combo_game,killpower,edgeguard,ledgetrap,cheese,easy,Silhouette Score,Distance
Chrom,0.45205479452054786,0.125,0.75,0.0,0.75,0.3076923076923078,0.784313725490196,0.2962962962962963,0.6,0.1111111111111111,0.7826275030055291,0.11517254674464443,1.7314187863615202
Wolf,0.410958904109589,0.5,0.5,0.25,0.5,0.46153846153846156,0.6470588235294117,0.38888888888888884,0.37500000000000006,0.1111111111111111,0.7696714150290342,0.11508431152434585,2.0469507602004935
Greninja,0.3561643835616438,0.5,0.75,0.25,0.875,0.3076923076923078,0.725490196078431,0.2962962962962963,0.35000000000000003,0.0,0.37788519691387945,0.1525801068717419,2.239214644210118
Cloud,0.5205479452054794,0.25,1.0,0.25,0.625,0.5384615384615384,0.43137254901960764,0.2962962962962963,0.37500000000000006,0.2222222222222222,0.8781875755004525,0.2563105832114339,2.646437799267524
Mii Brawler,0.4383561643835615,0.5,0.25,0.25,0.5,0.3846153846153847,0.5686274509803919,0.12962962962962962,0.30000000000000004,0.5555555555555556,0.6994607579373959,0.233154776828591,2.7567743064800645
