name,poids,recovery,spacing,projectiles,speed,combo_game,killpower,edgeguard,ledgetrap,cheese,easy,Distance
Falco,0.273972602739726,0.25,0.5,0.3333333333333333,0.5,0.5384615384615384,0.6666666666666667,0.46296296296296297,0.275,0.2,0.5277852438791648,1.860073016143691
Mario,0.4931506849315068,0.375,0.0,0.3333333333333333,0.5,0.5384615384615384,0.47058823529411764,0.2777777777777778,0.3,0.4,0.8278415198585407,1.9767325716959772
Corrin,0.4931506849315068,0.375,1.0,0.3333333333333333,0.375,0.5384615384615384,0.6470588235294117,0.4074074074074074,0.225,0.2,0.686924640479012,2.0635189539031527
Mii Swordfighter,0.5205479452054794,0.625,0.75,0.6666666666666666,0.375,0.3076923076923077,0.4509803921568627,0.35185185185185186,0.4,0.6,0.7759625722160969,2.0975943092568103
Mii Brawler,0.4383561643835616,0.5,0.0,0.3333333333333333,0.5,0.38461538461538464,0.5686274509803921,0.12962962962962962,0.3,0.6,0.6994607579373959,2.1396015433343623
