name,weight,recovery,spacing,projectiles,speed,combo_game,killpower,edgeguard,ledgetrap,cheese,easy,Distance
Young Link,0.3561643835616438,0.625,0.75,1.0,0.5,0.4230769230769231,0.27450980392156865,0.14814814814814814,0.4,0.6666666666666666,0.6575351095835182,2.593143405265216
Rosalina & Luma,0.273972602739726,0.5,0.75,0.75,0.5,0.23076923076923078,0.37254901960784315,0.16666666666666666,0.375,0.7777777777777778,0.21725070540058888,2.763066410761317
Ness,0.4383561643835616,0.5,0.75,0.75,0.25,0.23076923076923078,0.5490196078431373,0.35185185185185186,0.575,0.8888888888888888,0.7034420776528225,2.8347920047658164
Isabelle,0.3561643835616438,0.5,0.25,1.0,0.25,0.3076923076923077,0.5490196078431373,0.37037037037037035,0.475,0.6666666666666666,0.6301530371951143,2.840605412718442
Sora,0.3150684931506849,0.875,1.0,0.5,0.25,0.34615384615384615,0.4509803921568627,0.2777777777777778,0.3,0.6666666666666666,0.7374848810423233,3.141048577887699
