name,weight,recovery,spacing,projectiles,speed,combo_game,killpower,edgeguard,ledgetrap,cheese,easy,Distance
Robin,0.4520547945205479,0.625,0.75,1.0,0.125,0.15384615384615385,0.6470588235294117,0.3148148148148148,0.25,0.6,0.37355950135848337,3.191791518739885
Lucario,0.410958904109589,1.0,0.25,0.5,0.625,0.38461538461538464,0.7058823529411764,0.1111111111111111,0.3,0.8,0.4346232023950598,3.24910496477502
Bowser Jr.,0.6301369863013698,0.625,0.5,0.75,0.25,0.5,0.803921568627451,0.6481481481481481,0.25,0.6,0.5876688280798674,3.5035558136130125
Olimar,0.2328767123287671,0.75,0.75,1.0,0.125,0.46153846153846156,0.33333333333333337,0.24074074074074073,0.575,0.6,0.3533841216195224,3.538423781189911
Ryu,0.5616438356164384,0.375,0.0,0.5,0.25,0.5769230769230769,0.6666666666666667,0.018518518518518517,0.175,0.4,0.18147342420218004,3.538984371542499
