name,weight,recovery,spacing,projectiles,speed,combo_game,killpower,edgeguard,ledgetrap,cheese,easy,Distance
Mii Brawler,0.4383561643835616,0.5,0.25,0.25,0.5,0.38461538461538464,0.5686274509803921,0.12962962962962962,0.3,0.5555555555555556,0.6994607579373959,1.7451445431964872
Wolf,0.410958904109589,0.5,0.5,0.25,0.5,0.46153846153846156,0.6470588235294117,0.3888888888888889,0.375,0.1111111111111111,0.7696714150290344,2.110088687702664
Yoshi,0.5753424657534246,0.75,0.25,0.25,0.625,0.34615384615384615,0.5686274509803921,0.3148148148148148,0.275,0.4444444444444444,0.7985359829658762,2.1257290867013974
Ridley,0.6164383561643836,0.375,0.5,0.5,0.5,0.2692307692307692,0.5490196078431373,0.42592592592592593,0.3,0.1111111111111111,0.7347298750785118,2.537486545219969
Captain Falcon,0.5753424657534246,0.375,0.0,0.0,0.75,0.34615384615384615,0.5686274509803921,0.42592592592592593,0.525,0.2222222222222222,0.6032455315652505,2.5574899811195912
