name,weight,recovery,spacing,projectiles,speed,combo_game,killpower,edgeguard,ledgetrap,cheese,easy,Distance
Banjo & Kazooie,0.6027397260273972,0.375,0.5,1.0,0.375,0.15384615384615385,0.3921568627450981,0.35185185185185186,0.275,0.6,0.6712723423154878,2.018773513540036
Ridley,0.6164383561643836,0.25,0.5,0.5,0.5,0.2692307692307692,0.5490196078431373,0.42592592592592593,0.3,0.8,0.7347298750785118,2.046336098153406
Mii Swordfighter,0.5205479452054794,0.625,0.75,0.75,0.375,0.3076923076923077,0.4509803921568627,0.35185185185185186,0.4,0.6,0.7759625722160969,2.1550163337421147
Ness,0.4383561643835616,0.5,0.25,0.75,0.25,0.23076923076923078,0.5490196078431373,0.35185185185185186,0.575,0.8,0.7034420776528225,2.3025061508051166
Lucas,0.4383561643835616,0.625,0.25,0.75,0.375,0.34615384615384615,0.23529411764705888,0.5370370370370371,0.325,0.6,0.5663637279571264,2.6197348018794235
