name,weight,recovery,spacing,projectiles,speed,combo_game,killpower,edgeguard,ledgetrap,cheese,easy,Distance
Robin,0.4520547945205479,0.625,0.75,1.0,0.125,0.15384615384615385,0.6470588235294117,0.3148148148148148,0.25,0.6,0.37355950135848337,3.187203154210034
Lucario,0.410958904109589,1.0,0.25,0.5,0.625,0.38461538461538464,0.7058823529411764,0.1111111111111111,0.3,0.8,0.4346232023950598,3.2445976513632946
Hero,0.5342465753424658,0.75,0.75,0.75,0.375,0.19230769230769232,0.6862745098039216,0.2777777777777778,0.25,1.0,0.6265958875341517,3.3192701206285906
Olimar,0.2328767123287671,0.75,0.5,1.0,0.125,0.46153846153846156,0.33333333333333337,0.24074074074074073,0.575,0.6,0.3533841216195224,3.4662032090221984
Bowser Jr.,0.6301369863013698,0.625,0.5,0.75,0.25,0.5,0.803921568627451,0.6481481481481481,0.25,0.6,0.5876688280798674,3.5035558136130125
