name,poids,recovery,spacing,projectiles,speed,combo_game,killpower,edgeguard,ledgetrap,cheese,easy,Distance
Ness,0.4383561643835616,0.5,0.25,0.6666666666666666,0.25,0.23076923076923078,0.5490196078431373,0.35185185185185186,0.575,0.8,0.7034420776528225,1.504964797183232
Zelda,0.3150684931506849,0.75,0.25,1.0,0.25,0.07692307692307693,0.7843137254901961,0.2777777777777778,0.5,0.8,0.7197621288065921,2.163431700894193
Villager,0.410958904109589,0.5,0.0,1.0,0.25,0.038461538461538464,0.7058823529411764,0.6666666666666666,0.45,0.6,0.5960514380288311,2.301956454110658
Lucas,0.4383561643835616,0.625,0.25,0.6666666666666666,0.375,0.34615384615384615,0.23529411764705888,0.5370370370370371,0.325,0.6,0.5663637279571264,2.5629016326345004
Piranha Plant,0.684931506849315,0.375,0.5,1.0,0.25,0.3076923076923077,0.3529411764705882,0.3148148148148148,0.4,1.0,0.6411268646385841,2.6621065929421976
