name,weight,recovery,spacing,projectiles,speed,combo_game,killpower,edgeguard,ledgetrap,cheese,easy,Distance
Piranha Plant,0.684931506849315,0.375,0.25,0.75,0.25,0.3076923076923077,0.3529411764705882,0.3148148148148148,0.4,0.5555555555555556,0.6411268646385841,1.7304905935534916
Mii Swordfighter,0.5205479452054794,0.625,1.0,0.75,0.375,0.3076923076923077,0.4509803921568627,0.35185185185185186,0.4,0.5555555555555556,0.7759625722160969,2.300612000456564
Lucas,0.4383561643835616,0.625,0.75,0.75,0.375,0.34615384615384615,0.23529411764705888,0.5370370370370371,0.325,0.5555555555555556,0.5663637279571264,2.364749028374142
Isabelle,0.3561643835616438,0.5,0.25,1.0,0.25,0.3076923076923077,0.5490196078431373,0.37037037037037035,0.475,0.6666666666666666,0.6301530371951143,2.381671419041873
Toon Link,0.3972602739726027,0.625,0.75,1.0,0.5,0.19230769230769232,0.47058823529411764,0.3148148148148148,0.475,0.3333333333333333,0.6617642117710796,2.4108878440635544
