name,weight,recovery,spacing,projectiles,speed,combo_game,killpower,edgeguard,ledgetrap,cheese,easy,Distance
Diddy Kong,0.3835616438356164,0.625,0.5,0.75,0.625,0.2692307692307692,0.4117647058823529,0.14814814814814814,0.15,0.2,0.38123236118979575,2.2975835541625576
Mewtwo,0.2191780821917808,0.625,0.75,0.75,0.75,0.3076923076923077,0.6666666666666667,0.35185185185185186,0.375,0.8,0.5060433745889366,2.4806054336185173
Sephiroth,0.2328767123287671,0.625,1.0,0.5,0.375,0.19230769230769232,0.5882352941176471,0.48148148148148145,0.325,0.6,0.5643478698733662,2.6202572637248456
Duck Hunt,0.3287671232876712,0.75,0.5,1.0,0.5,0.38461538461538464,0.0,0.4074074074074074,0.4,0.6,0.326892386719434,2.642030476496425
Olimar,0.2328767123287671,0.75,0.5,1.0,0.125,0.46153846153846156,0.33333333333333337,0.24074074074074073,0.575,0.6,0.3533841216195224,2.7009371617999363
