name,weight,recovery,spacing,projectiles,speed,combo_game,killpower,edgeguard,ledgetrap,cheese,easy,Silhouette Score,Distance
Pac-Man,0.45205479452054786,1.0,0.0,0.75,0.375,0.576923076923077,0.17647058823529393,0.2777777777777778,0.22500000000000003,0.8888888888888888,0.23161369424738054,0.2948289601533243,2.2417191518528377
Peach,0.36986301369863017,0.75,0.5,0.75,0.25,0.7692307692307693,0.2549019607843137,0.6481481481481481,0.4,0.3333333333333333,0.07329323999406112,0.06357013741680154,2.9857821941267835
Pokemon Trainer,0.4657534246575342,0.75,0.5,0.5,0.5,0.5384615384615384,0.5882352941176467,0.6851851851851852,0.22500000000000003,0.4444444444444445,0.30546549525479305,0.11054182310797332,3.548991902432621
Pichu,0.0,1.0,0.25,0.5,0.5,0.423076923076923,0.4705882352941173,0.5925925925925926,0.25000000000000006,0.7777777777777777,0.34265387711183415,0.038633989589886446,3.5863607537326905
Ice Climbers,0.410958904109589,0.375,0.5,0.25,0.125,0.8076923076923078,0.4705882352941173,0.0,0.5,0.6666666666666665,0.0,0.19703988085172885,3.748507267545552
