name,weight,recovery,spacing,projectiles,speed,combo_game,killpower,edgeguard,ledgetrap,cheese,easy,Distance
Mii Brawler,0.4383561643835616,0.5,0.25,0.25,0.5,0.38461538461538464,0.5686274509803921,0.12962962962962962,0.3,0.5555555555555556,0.6994607579373959,1.6869217990339003
Mario,0.4931506849315068,0.375,0.0,0.25,0.5,0.5384615384615384,0.47058823529411764,0.2777777777777778,0.3,0.3333333333333333,0.8278415198585407,2.1257290867013974
Wolf,0.410958904109589,0.5,0.5,0.25,0.5,0.46153846153846156,0.6470588235294117,0.3888888888888889,0.375,0.1111111111111111,0.7696714150290344,2.165908613155925
Ridley,0.6164383561643836,0.375,0.5,0.5,0.5,0.2692307692307692,0.5490196078431373,0.42592592592592593,0.3,0.1111111111111111,0.7347298750785118,2.244916548419925
Lucario,0.410958904109589,0.75,0.25,0.5,0.625,0.38461538461538464,0.7058823529411764,0.1111111111111111,0.3,0.6666666666666666,0.4346232023950598,2.3523513342913955
