name,weight,recovery,spacing,projectiles,speed,combo_game,killpower,edgeguard,ledgetrap,cheese,easy,Distance
Diddy Kong,0.3835616438356164,0.625,0.25,0.75,0.625,0.2692307692307692,0.4117647058823529,0.14814814814814814,0.15,0.6666666666666666,0.38123236118979575,2.3322691433865974
Young Link,0.3561643835616438,0.625,0.75,1.0,0.5,0.4230769230769231,0.27450980392156865,0.14814814814814814,0.4,0.6666666666666666,0.6575351095835182,2.3934612256502477
Sephiroth,0.2328767123287671,0.625,1.0,0.5,0.375,0.19230769230769232,0.5882352941176471,0.48148148148148145,0.325,0.5555555555555556,0.5643478698733662,2.7620214143546673
Olimar,0.2328767123287671,0.75,0.75,1.0,0.125,0.46153846153846156,0.33333333333333337,0.24074074074074073,0.575,0.8888888888888888,0.3533841216195224,2.7637065881380756
Toon Link,0.3972602739726027,0.625,0.75,1.0,0.5,0.19230769230769232,0.47058823529411764,0.3148148148148148,0.475,0.3333333333333333,0.6617642117710796,2.7829782082454573
