name,weight,recovery,spacing,projectiles,speed,combo_game,killpower,edgeguard,ledgetrap,cheese,easy,Distance
Donkey Kong,0.8904109589041096,0.125,0.75,0.0,0.625,0.5,0.8627450980392157,0.25925925925925924,0.425,0.5555555555555556,0.8763397056743332,1.989070895801292
King K. Rool,0.9726027397260274,0.5,0.5,0.75,0.25,0.34615384615384615,0.6274509803921569,0.18518518518518517,0.375,1.0,1.0,3.0821292434298724
Incineroar,0.7397260273972602,0.125,0.25,0.0,0.0,0.4230769230769231,0.7254901960784313,0.25925925925925924,0.525,0.8888888888888888,0.7416509876647671,3.3257451025504987
Ganondorf,0.7671232876712328,0.0,0.25,0.0,0.125,0.23076923076923078,0.5686274509803921,0.2037037037037037,0.2,0.4444444444444444,0.940330600720697,3.6684929156000914
Yoshi,0.5753424657534246,0.75,0.25,0.25,0.625,0.34615384615384615,0.5686274509803921,0.3148148148148148,0.275,0.4444444444444444,0.7985359829658762,3.768677445940769
