name,weight,recovery,spacing,projectiles,speed,combo_game,killpower,edgeguard,ledgetrap,cheese,easy,Distance
Rosalina & Luma,0.273972602739726,0.625,0.75,0.75,0.5,0.23076923076923078,0.37254901960784315,0.16666666666666666,0.375,0.6,0.21725070540058888,2.610498357307776
Young Link,0.3561643835616438,0.5,0.75,1.0,0.5,0.4230769230769231,0.27450980392156865,0.14814814814814814,0.4,0.2,0.6575351095835182,2.8020497951111714
Mii Brawler,0.4383561643835616,0.5,0.25,0.25,0.5,0.38461538461538464,0.5686274509803921,0.12962962962962962,0.3,0.6,0.6994607579373959,2.8101566164724248
Megaman,0.547945205479452,0.875,0.25,1.0,0.5,0.07692307692307693,0.5490196078431373,0.4444444444444444,0.3,0.6,0.32118498851978783,2.9215425032238427
Yoshi,0.5753424657534246,0.75,0.25,0.25,0.625,0.34615384615384615,0.5686274509803921,0.3148148148148148,0.275,0.4,0.7985359829658762,2.9504591801882074
