name,weight,recovery,spacing,projectiles,speed,combo_game,killpower,edgeguard,ledgetrap,cheese,easy,Distance
Chrom,0.4520547945205479,0.125,0.75,0.0,0.75,0.3076923076923077,0.7843137254901961,0.2962962962962963,0.6,0.4,0.7826275030055292,1.941106066704294
Wolf,0.410958904109589,0.5,0.5,0.3333333333333333,0.5,0.46153846153846156,0.6470588235294117,0.3888888888888889,0.375,0.4,0.7696714150290344,2.5738988698066967
Little Mac,0.3424657534246575,0.0,0.25,0.0,0.875,0.19230769230769232,0.9019607843137255,0.05555555555555555,0.575,1.0,0.857516630817222,2.6927594376591344
Ridley,0.6164383561643836,0.25,0.5,0.3333333333333333,0.5,0.2692307692307692,0.5490196078431373,0.42592592592592593,0.3,0.8,0.7347298750785118,2.701427130296386
Donkey Kong,0.8904109589041096,0.125,0.5,0.0,0.625,0.5,0.8627450980392157,0.25925925925925924,0.425,1.0,0.8763397056743332,2.8046383246208038
