name,weight,recovery,spacing,projectiles,speed,combo_game,killpower,edgeguard,ledgetrap,cheese,easy,Distance
Mii Swordfighter,0.5205479452054794,0.625,0.75,0.75,0.375,0.3076923076923077,0.4509803921568627,0.35185185185185186,0.4,0.6,0.7759625722160969,1.9681924324971725
Sephiroth,0.2328767123287671,0.625,1.0,0.5,0.375,0.19230769230769232,0.5882352941176471,0.48148148148148145,0.325,0.6,0.5643478698733662,1.977191792106988
Byleth,0.4794520547945205,0.5,1.0,0.5,0.125,0.3076923076923077,0.7058823529411764,0.37037037037037035,0.5,0.4,0.6607394838278406,2.6023681382566215
Hero,0.5342465753424658,0.75,0.75,0.75,0.375,0.19230769230769232,0.6862745098039216,0.2777777777777778,0.25,1.0,0.6265958875341517,2.6449486874707016
R.O.B.,0.6027397260273972,1.0,0.75,0.75,0.5,0.34615384615384615,0.4901960784313726,0.5370370370370371,0.2,0.8,0.7265278525002123,2.6612486420746624
