name,weight,recovery,spacing,projectiles,speed,combo_game,killpower,edgeguard,ledgetrap,cheese,easy,Distance
Mii Brawler,0.4383561643835616,0.5,0.0,0.3333333333333333,0.5,0.38461538461538464,0.5686274509803921,0.12962962962962962,0.3,0.6,0.6994607579373959,2.461296929318916
Yoshi,0.5753424657534246,0.75,0.0,0.3333333333333333,0.625,0.34615384615384615,0.5686274509803921,0.3148148148148148,0.275,0.4,0.7985359829658762,2.738648460158714
Mewtwo,0.2191780821917808,0.625,0.75,0.6666666666666666,0.75,0.3076923076923077,0.6666666666666667,0.35185185185185186,0.375,0.8,0.5060433745889366,2.7889500916302565
Hero,0.5342465753424658,0.75,0.75,0.6666666666666666,0.375,0.19230769230769232,0.6862745098039216,0.2777777777777778,0.25,1.0,0.6265958875341517,2.837507693286454
Diddy Kong,0.3835616438356164,0.625,0.5,0.3333333333333333,0.625,0.2692307692307692,0.4117647058823529,0.14814814814814814,0.15,0.2,0.38123236118979575,3.105144355786985
