name,weight,recovery,spacing,projectiles,speed,combo_game,killpower,edgeguard,ledgetrap,cheese,easy,Distance
Yoshi,0.5753424657534246,0.75,0.0,0.25,0.625,0.34615384615384615,0.5686274509803921,0.3148148148148148,0.275,0.4,0.7985359829658762,2.680615036580693
Inkling,0.4383561643835616,1.0,0.0,0.5,0.625,0.5,0.6470588235294117,0.6851851851851852,0.2,0.6,0.6256887513964596,2.764747340684367
Meta Knight,0.2465753424657534,1.0,0.25,0.0,0.625,0.5,0.8431372549019608,0.7592592592592593,0.25,0.2,0.43011691972098154,3.2251784375392663
Greninja,0.3561643835616438,0.875,0.5,0.25,0.875,0.3076923076923077,0.7254901960784313,0.2962962962962963,0.35,0.0,0.37788519691387956,3.281889951917072
Wolf,0.410958904109589,0.5,0.5,0.25,0.5,0.46153846153846156,0.6470588235294117,0.3888888888888889,0.375,0.4,0.7696714150290344,3.3345580346474897
