name,weight,recovery,spacing,projectiles,speed,combo_game,killpower,edgeguard,ledgetrap,cheese,easy,Distance
Bowser,1.0,0.25,0.5,0.0,0.625,0.38461538461538464,0.6274509803921569,0.25925925925925924,0.525,0.7777777777777778,0.9843099044974054,1.989070895801292
Roy,0.4520547945205479,0.375,0.75,0.0,0.75,0.4230769230769231,0.7843137254901961,0.18518518518518517,0.425,0.2222222222222222,0.7417727792586492,2.9633884796872043
Chrom,0.4520547945205479,0.125,0.75,0.0,0.75,0.3076923076923077,0.7843137254901961,0.2962962962962963,0.6,0.1111111111111111,0.7826275030055292,3.260276851003611
Cloud,0.5205479452054794,0.25,1.0,0.25,0.625,0.5384615384615384,0.43137254901960786,0.2962962962962963,0.375,0.2222222222222222,0.8781875755004525,3.359893934423025
Incineroar,0.7397260273972602,0.125,0.25,0.0,0.0,0.4230769230769231,0.7254901960784313,0.25925925925925924,0.525,0.8888888888888888,0.7416509876647671,3.4758780046636675
