name,poids,recovery,spacing,projectiles,speed,combo_game,killpower,edgeguard,ledgetrap,cheese,easy,Distance
Terry,0.6301369863013698,0.25,0.0,0.3333333333333333,0.25,0.6923076923076923,0.7254901960784313,0.14814814814814814,0.525,0.4,0.4097903506257383,2.5888321261213383
Ken,0.5616438356164384,0.375,0.0,0.3333333333333333,0.375,0.5769230769230769,1.0,0.1111111111111111,0.525,0.2,0.17837824218673393,2.8822194240998966
Mii Brawler,0.4383561643835616,0.5,0.0,0.3333333333333333,0.5,0.38461538461538464,0.5686274509803921,0.12962962962962962,0.3,0.6,0.6994607579373959,2.9920374095439937
Luigi,0.4794520547945205,0.25,0.0,0.3333333333333333,0.25,0.7692307692307693,0.9803921568627451,0.16666666666666666,0.15,1.0,0.4439633449338096,3.0844717894651126
Wario,0.6301369863013698,0.625,0.25,0.3333333333333333,0.375,0.5769230769230769,0.6470588235294117,0.5740740740740741,0.225,0.4,0.46667534592684745,3.1724945957507527
