name,weight,recovery,spacing,projectiles,speed,combo_game,killpower,edgeguard,ledgetrap,cheese,easy,Distance
Pokemon Trainer,0.4657534246575342,0.875,0.5,0.5,0.5,0.5384615384615384,0.5882352941176471,0.6851851851851852,0.225,0.2,0.30546549525479316,2.473751677421246
Wario,0.6301369863013698,0.625,0.0,0.0,0.375,0.5769230769230769,0.6470588235294117,0.5740740740740741,0.225,0.4,0.46667534592684745,2.7105973334303295
Yoshi,0.5753424657534246,0.75,0.25,0.25,0.625,0.34615384615384615,0.5686274509803921,0.3148148148148148,0.275,0.4,0.7985359829658762,2.7246869793997845
Joker,0.4246575342465753,0.875,0.75,0.5,0.5,0.3076923076923077,0.5294117647058824,0.7407407407407407,0.15,0.4,0.46007761049086804,2.7421375780637605
Sonic,0.3287671232876712,0.875,0.25,0.0,1.0,0.38461538461538464,0.4509803921568627,0.5925925925925926,0.3,0.4,0.740311282147923,2.856225684020314
