name,weight,recovery,spacing,projectiles,speed,combo_game,killpower,edgeguard,ledgetrap,cheese,easy,Distance
Robin,0.4520547945205479,0.625,0.75,1.0,0.125,0.15384615384615385,0.6470588235294117,0.3148148148148148,0.25,0.6,0.37355950135848337,2.5501492841496205
Banjo & Kazooie,0.6027397260273972,0.375,0.5,1.0,0.375,0.15384615384615385,0.3921568627450981,0.35185185185185186,0.275,0.6,0.6712723423154878,2.6724152358226356
Villager,0.410958904109589,0.5,0.25,1.0,0.25,0.038461538461538464,0.7058823529411764,0.6666666666666666,0.45,0.6,0.5960514380288311,2.71031400606756
Diddy Kong,0.3835616438356164,0.625,0.25,0.75,0.625,0.2692307692307692,0.4117647058823529,0.14814814814814814,0.15,0.2,0.38123236118979575,2.9215425032238427
Snake,0.6027397260273972,0.75,0.0,1.0,0.25,0.0,0.4509803921568627,0.2037037037037037,0.0,1.0,0.28701619400005185,2.9550522346307817
