name,weight,recovery,spacing,projectiles,speed,combo_game,killpower,edgeguard,ledgetrap,cheese,easy,Distance
Piranha Plant,0.684931506849315,0.375,0.5,1.0,0.25,0.3076923076923077,0.3529411764705882,0.3148148148148148,0.4,1.0,0.6411268646385841,3.1766305782981594
Ganondorf,0.7671232876712328,0.0,0.25,0.0,0.125,0.23076923076923078,0.5686274509803921,0.2037037037037037,0.2,0.8,0.940330600720697,3.3152014217917003
Incineroar,0.7397260273972602,0.125,0.25,0.0,0.0,0.4230769230769231,0.7254901960784313,0.25925925925925924,0.525,1.0,0.7416509876647671,3.342266310134058
Ridley,0.6164383561643836,0.25,0.5,0.3333333333333333,0.5,0.2692307692307692,0.5490196078431373,0.42592592592592593,0.3,0.8,0.7347298750785118,3.4693456774085556
Donkey Kong,0.8904109589041096,0.125,0.5,0.0,0.625,0.5,0.8627450980392157,0.25925925925925924,0.425,1.0,0.8763397056743332,3.5638396275570234
