name,weight,recovery,spacing,projectiles,speed,combo_game,killpower,edgeguard,ledgetrap,cheese,easy,Distance
Joker,0.4246575342465753,0.875,0.75,0.5,0.5,0.3076923076923077,0.5294117647058824,0.7407407407407407,0.15,0.6666666666666666,0.46007761049086804,2.6521433846970295
Pokemon Trainer,0.4657534246575342,0.75,0.5,0.5,0.5,0.5384615384615384,0.5882352941176471,0.6851851851851852,0.225,0.4444444444444444,0.30546549525479316,2.940934333807898
Sephiroth,0.2328767123287671,0.625,1.0,0.5,0.375,0.19230769230769232,0.5882352941176471,0.48148148148148145,0.325,0.5555555555555556,0.5643478698733662,3.1934551308763934
Marth,0.3835616438356164,0.625,1.0,0.0,0.75,0.34615384615384615,0.5294117647058824,0.5185185185185185,0.25,0.1111111111111111,0.4912730143370577,3.5056514980816544
Meta Knight,0.2465753424657534,1.0,0.5,0.0,0.625,0.5,0.8431372549019608,0.7592592592592593,0.25,0.1111111111111111,0.43011691972098154,3.52785866511982
