name,weight,recovery,spacing,projectiles,speed,combo_game,killpower,edgeguard,ledgetrap,cheese,easy,Distance
Dr. Mario,0.4931506849315068,0.0,0.0,0.25,0.125,0.4230769230769231,0.607843137254902,0.4444444444444444,0.45,1.0,0.6925396450991583,2.1502229028710644
Ganondorf,0.7671232876712328,0.0,0.25,0.0,0.125,0.23076923076923078,0.5686274509803921,0.2037037037037037,0.2,0.8,0.940330600720697,2.715199671541183
Terry,0.6301369863013698,0.25,0.0,0.25,0.25,0.6923076923076923,0.7254901960784313,0.14814814814814814,0.525,0.4,0.4097903506257383,3.2876226814902942
Donkey Kong,0.8904109589041096,0.125,0.75,0.0,0.625,0.5,0.8627450980392157,0.25925925925925924,0.425,1.0,0.8763397056743332,3.290978434148486
Piranha Plant,0.684931506849315,0.375,0.5,0.75,0.25,0.3076923076923077,0.3529411764705882,0.3148148148148148,0.4,1.0,0.6411268646385841,3.423198629826367
