name,weight,recovery,spacing,projectiles,speed,combo_game,killpower,edgeguard,ledgetrap,cheese,easy,Silhouette Score,Distance
Joker,0.4246575342465754,0.875,0.75,0.5,0.5,0.3076923076923078,0.5294117647058822,0.7407407407407407,0.15000000000000002,0.6666666666666665,0.4600776104908679,0.066892473447554,2.654423424463391
Pokemon Trainer,0.4657534246575342,0.75,0.5,0.5,0.5,0.5384615384615384,0.5882352941176467,0.6851851851851852,0.22500000000000003,0.4444444444444445,0.30546549525479305,0.11054182310797332,2.9921485930083236
Sephiroth,0.23287671232876705,0.625,1.0,0.5,0.375,0.1923076923076923,0.5882352941176467,0.4814814814814815,0.325,0.5555555555555556,0.5643478698733662,0.07823414428223265,3.2013467977344385
Meta Knight,0.2465753424657534,1.0,0.5,0.0,0.625,0.5000000000000001,0.8431372549019605,0.7592592592592592,0.25000000000000006,0.1111111111111111,0.4301169197209813,0.1423468205189991,3.63420720721813
Bowser Jr.,0.6301369863013698,0.625,0.5,0.75,0.25,0.5000000000000001,0.8039215686274508,0.6481481481481481,0.25000000000000006,0.4444444444444445,0.5876688280798674,0.17261351037934972,3.793385185616886
