name,weight,recovery,spacing,projectiles,speed,combo_game,killpower,edgeguard,ledgetrap,cheese,easy,Silhouette Score,Distance
Bowser,0.9999999999999999,0.25,0.5,0.0,0.625,0.3846153846153847,0.6274509803921569,0.2592592592592593,0.525,0.7777777777777777,0.9843099044974054,0.29245218656663285,2.410006527061772
Roy,0.45205479452054786,0.375,0.75,0.0,0.75,0.423076923076923,0.784313725490196,0.18518518518518517,0.42500000000000004,0.2222222222222222,0.7417727792586492,0.15040518600658737,2.9643405829740472
Chrom,0.45205479452054786,0.125,0.75,0.0,0.75,0.3076923076923078,0.784313725490196,0.2962962962962963,0.6,0.1111111111111111,0.7826275030055291,0.11517254674464443,3.2886787972579055
Incineroar,0.7397260273972602,0.125,0.25,0.0,0.0,0.423076923076923,0.725490196078431,0.2592592592592593,0.525,0.8888888888888888,0.7416509876647671,0.16566696494281055,3.4767790848808007
Cloud,0.5205479452054794,0.25,1.0,0.25,0.625,0.5384615384615384,0.43137254901960764,0.2962962962962963,0.37500000000000006,0.2222222222222222,0.8781875755004525,0.2563105832114339,3.5042523983998954
