name,weight,recovery,spacing,projectiles,speed,combo_game,killpower,edgeguard,ledgetrap,cheese,easy,Silhouette Score,Distance
Roy,0.45205479452054786,0.375,0.75,0.0,0.75,0.423076923076923,0.784313725490196,0.18518518518518517,0.42500000000000004,0.2222222222222222,0.7417727792586492,0.15040518600658737,2.239214644210118
Mewtwo,0.2191780821917807,0.625,1.0,0.75,0.75,0.3076923076923078,0.6666666666666665,0.35185185185185186,0.37500000000000006,0.2222222222222222,0.5060433745889366,0.06403725626629612,2.31490040517644
Zero Suit Samus,0.2465753424657534,1.0,0.5,0.25,0.875,0.23076923076923073,0.725490196078431,0.4814814814814815,0.37500000000000006,0.3333333333333333,0.30147577596269604,0.17301322607132802,2.5815711201741105
Marth,0.38356164383561653,0.625,1.0,0.0,0.75,0.34615384615384615,0.5294117647058822,0.5185185185185185,0.25000000000000006,0.1111111111111111,0.4912730143370576,0.30392166165070256,2.5887166339207424
Wolf,0.410958904109589,0.5,0.5,0.25,0.5,0.46153846153846156,0.6470588235294117,0.38888888888888884,0.37500000000000006,0.1111111111111111,0.7696714150290342,0.11508431152434585,2.6521947075172796
