name,weight,recovery,spacing,projectiles,speed,combo_game,killpower,edgeguard,ledgetrap,cheese,easy,Silhouette Score,Distance
Lucas,0.4383561643835615,0.625,0.75,0.75,0.375,0.34615384615384615,0.23529411764705888,0.5370370370370371,0.325,0.5555555555555556,0.5663637279571264,-0.015049255373281022,2.264268222865785
Young Link,0.3561643835616438,0.625,0.75,1.0,0.5,0.423076923076923,0.27450980392156854,0.14814814814814814,0.4,0.6666666666666665,0.6575351095835182,0.01545952547909732,2.6487787776740834
Rosalina & Luma,0.2739726027397261,0.5,0.75,0.75,0.5,0.23076923076923073,0.37254901960784315,0.16666666666666666,0.37500000000000006,0.7777777777777777,0.21725070540058877,0.025140646288651976,2.928744500308751
Wii Fit Trainer,0.4657534246575342,0.5,0.0,0.75,0.5,0.423076923076923,0.17647058823529393,0.09259259259259259,0.6,0.5555555555555556,0.4723827441264936,0.07707519956084692,3.1306181948271385
Peach,0.36986301369863017,0.75,0.5,0.75,0.25,0.7692307692307693,0.2549019607843137,0.6481481481481481,0.4,0.3333333333333333,0.07329323999406112,0.06357013741680154,3.533480116526101
