name,weight,recovery,spacing,projectiles,speed,combo_game,killpower,edgeguard,ledgetrap,cheese,easy,Distance
Sheik,0.2191780821917808,0.875,0.0,0.25,0.875,0.3076923076923077,0.6470588235294117,0.6111111111111112,0.3,0.0,0.09134776895673868,2.2513999967371943
Greninja,0.3561643835616438,0.5,0.75,0.25,0.875,0.3076923076923077,0.7254901960784313,0.2962962962962963,0.35,0.0,0.37788519691387956,2.5732947327419304
Meta Knight,0.2465753424657534,1.0,0.5,0.0,0.625,0.5,0.8431372549019608,0.7592592592592593,0.25,0.1111111111111111,0.43011691972098154,2.6888977373320326
Mewtwo,0.2191780821917808,0.625,1.0,0.75,0.75,0.3076923076923077,0.6666666666666667,0.35185185185185186,0.375,0.2222222222222222,0.5060433745889366,2.7929137403967017
Marth,0.3835616438356164,0.625,1.0,0.0,0.75,0.34615384615384615,0.5294117647058824,0.5185185185185185,0.25,0.1111111111111111,0.4912730143370577,2.906043060519976
