name,poids,recovery,spacing,projectiles,speed,combo_game,killpower,edgeguard,ledgetrap,cheese,easy,Distance
Sora,0.3150684931506849,0.875,1.0,0.6666666666666666,0.25,0.34615384615384615,0.4509803921568627,0.2777777777777778,0.3,0.6,0.7374848810423233,1.8423673607185256
Banjo & Kazooie,0.6027397260273972,0.375,0.5,1.0,0.375,0.15384615384615385,0.3921568627450981,0.35185185185185186,0.275,0.6,0.6712723423154878,1.9943618459145074
Wolf,0.410958904109589,0.5,0.5,0.3333333333333333,0.5,0.46153846153846156,0.6470588235294117,0.3888888888888889,0.375,0.4,0.7696714150290344,2.0975943092568103
Ness,0.4383561643835616,0.5,0.25,0.6666666666666666,0.25,0.23076923076923078,0.5490196078431373,0.35185185185185186,0.575,0.8,0.7034420776528225,2.184357458239576
Toon Link,0.3972602739726027,0.5,0.5,1.0,0.5,0.19230769230769232,0.47058823529411764,0.3148148148148148,0.475,0.2,0.6617642117710796,2.2187471353225905
