name,weight,recovery,spacing,projectiles,speed,combo_game,killpower,edgeguard,ledgetrap,cheese,easy,Silhouette Score,Distance
Marth,0.38356164383561653,0.625,1.0,0.0,0.75,0.34615384615384615,0.5294117647058822,0.5185185185185185,0.25000000000000006,0.1111111111111111,0.4912730143370576,0.30392166165070256,1.8643985551872664
Cloud,0.5205479452054794,0.25,1.0,0.25,0.625,0.5384615384615384,0.43137254901960764,0.2962962962962963,0.37500000000000006,0.2222222222222222,0.8781875755004525,0.2563105832114339,2.598980037056263
Corrin,0.49315068493150693,0.375,1.0,0.25,0.375,0.5384615384615384,0.6470588235294117,0.40740740740740744,0.22500000000000003,0.0,0.6869246404790119,0.27652161760401966,2.905691626366656
Wolf,0.410958904109589,0.5,0.5,0.25,0.5,0.46153846153846156,0.6470588235294117,0.38888888888888884,0.37500000000000006,0.1111111111111111,0.7696714150290342,0.11508431152434585,3.1205183462323087
Roy,0.45205479452054786,0.375,0.75,0.0,0.75,0.423076923076923,0.784313725490196,0.18518518518518517,0.42500000000000004,0.2222222222222222,0.7417727792586492,0.15040518600658737,3.2456256551316955
