name,poids,recovery,spacing,projectiles,speed,combo_game,killpower,edgeguard,ledgetrap,cheese,easy,Distance
Piranha Plant,0.684931506849315,0.375,0.5,1.0,0.25,0.3076923076923077,0.3529411764705882,0.3148148148148148,0.4,1.0,0.6411268646385841,3.652098797216864
Mii Swordfighter,0.5205479452054794,0.625,0.75,0.6666666666666666,0.375,0.3076923076923077,0.4509803921568627,0.35185185185185186,0.4,0.6,0.7759625722160969,3.732667099681458
Hero,0.5342465753424658,0.75,0.75,0.6666666666666666,0.375,0.19230769230769232,0.6862745098039216,0.2777777777777778,0.25,1.0,0.6265958875341517,3.781407931499243
Ness,0.4383561643835616,0.5,0.25,0.6666666666666666,0.25,0.23076923076923078,0.5490196078431373,0.35185185185185186,0.575,0.8,0.7034420776528225,3.903403004079405
Bowser Jr.,0.6301369863013698,0.625,0.5,0.6666666666666666,0.25,0.5,0.803921568627451,0.6481481481481481,0.25,0.6,0.5876688280798674,3.9846317571517784
