name,weight,recovery,spacing,projectiles,speed,combo_game,killpower,edgeguard,ledgetrap,cheese,easy,Silhouette Score,Distance
Mewtwo,0.2191780821917807,0.625,1.0,0.75,0.75,0.3076923076923078,0.6666666666666665,0.35185185185185186,0.37500000000000006,0.2222222222222222,0.5060433745889366,0.06403725626629612,2.2932988788461346
Mii Swordfighter,0.5205479452054794,0.625,1.0,0.75,0.375,0.3076923076923078,0.4509803921568625,0.35185185185185186,0.4,0.5555555555555556,0.7759625722160968,0.1774722602092593,2.4872756566653624
Joker,0.4246575342465754,0.875,0.75,0.5,0.5,0.3076923076923078,0.5294117647058822,0.7407407407407407,0.15000000000000002,0.6666666666666665,0.4600776104908679,0.066892473447554,2.4931414219994013
Sora,0.31506849315068497,0.875,1.0,0.5,0.25,0.34615384615384615,0.4509803921568625,0.2777777777777778,0.30000000000000004,0.6666666666666665,0.7374848810423233,0.2279225445817621,2.533447075125562
Toon Link,0.39726027397260266,0.625,0.75,1.0,0.5,0.1923076923076923,0.4705882352941173,0.31481481481481477,0.47500000000000003,0.3333333333333333,0.6617642117710795,0.15962981249910074,2.6029498986995585
