name,weight,recovery,spacing,projectiles,speed,combo_game,killpower,edgeguard,ledgetrap,cheese,easy,Distance
Corrin,0.4931506849315068,0.375,1.0,0.25,0.375,0.5384615384615384,0.6470588235294117,0.4074074074074074,0.225,0.0,0.686924640479012,2.8130824770995226
Byleth,0.4794520547945205,0.5,1.0,0.25,0.125,0.3076923076923077,0.7058823529411764,0.37037037037037035,0.5,0.2222222222222222,0.6607394838278406,3.4662567451061026
Wolf,0.410958904109589,0.5,0.5,0.25,0.5,0.46153846153846156,0.6470588235294117,0.3888888888888889,0.375,0.1111111111111111,0.7696714150290344,3.4917247249265673
Roy,0.4520547945205479,0.375,0.75,0.0,0.75,0.4230769230769231,0.7843137254901961,0.18518518518518517,0.425,0.2222222222222222,0.7417727792586492,3.5741872517038638
Ridley,0.6164383561643836,0.375,0.5,0.5,0.5,0.2692307692307692,0.5490196078431373,0.42592592592592593,0.3,0.1111111111111111,0.7347298750785118,3.6322562602950015
