name,poids,recovery,spacing,projectiles,speed,combo_game,killpower,edgeguard,ledgetrap,cheese,easy,Distance
Link,0.5753424657534246,0.5,0.75,1.0,0.375,0.19230769230769232,0.5686274509803921,0.24074074074074073,0.525,0.2,0.4824536352206066,1.6499670709321332
Young Link,0.3561643835616438,0.5,0.5,1.0,0.5,0.4230769230769231,0.27450980392156865,0.14814814814814814,0.4,0.2,0.6575351095835182,1.8543230525657577
Palutena,0.3972602739726027,0.5,0.5,0.6666666666666666,0.625,0.34615384615384615,0.5098039215686274,0.48148148148148145,0.6,0.2,0.884629922043797,1.9960329410317292
Mii Swordfighter,0.5205479452054794,0.625,0.75,0.6666666666666666,0.375,0.3076923076923077,0.4509803921568627,0.35185185185185186,0.4,0.6,0.7759625722160969,2.2187471353225905
Banjo & Kazooie,0.6027397260273972,0.375,0.5,1.0,0.375,0.15384615384615385,0.3921568627450981,0.35185185185185186,0.275,0.6,0.6712723423154878,2.276029158159712
