name,weight,recovery,spacing,projectiles,speed,combo_game,killpower,edgeguard,ledgetrap,cheese,easy,Distance
Roy,0.4520547945205479,0.25,1.0,0.0,0.75,0.4230769230769231,0.7843137254901961,0.18518518518518517,0.425,0.8,0.7417727792586492,1.941106066704294
Pyra Mythra,0.4520547945205479,0.25,1.0,0.25,0.875,0.38461538461538464,0.3529411764705882,0.2222222222222222,0.4,0.4,0.9433291896202904,2.8108190715116663
Cloud,0.5205479452054794,0.125,1.0,0.25,0.625,0.5384615384615384,0.43137254901960786,0.2962962962962963,0.375,0.2,0.8781875755004525,2.852015814460099
Wolf,0.410958904109589,0.5,0.5,0.25,0.5,0.46153846153846156,0.6470588235294117,0.3888888888888889,0.375,0.4,0.7696714150290344,2.939491392681244
Palutena,0.3972602739726027,0.5,0.5,0.5,0.625,0.34615384615384615,0.5098039215686274,0.48148148148148145,0.6,0.2,0.884629922043797,3.063245973044041
