name,weight,recovery,spacing,projectiles,speed,combo_game,killpower,edgeguard,ledgetrap,cheese,easy,Silhouette Score,Distance
Young Link,0.3561643835616438,0.625,0.75,1.0,0.5,0.423076923076923,0.27450980392156854,0.14814814814814814,0.4,0.6666666666666665,0.6575351095835182,0.01545952547909732,2.9159660285891165
Piranha Plant,0.684931506849315,0.375,0.25,0.75,0.25,0.3076923076923078,0.3529411764705883,0.31481481481481477,0.4,0.5555555555555556,0.641126864638584,0.179462755380171,2.9318066293556972
Duck Hunt,0.3287671232876711,0.5,0.5,1.0,0.5,0.3846153846153847,0.0,0.40740740740740744,0.4,0.4444444444444445,0.32689238671943377,-0.05222008873683956,3.1306181948271385
Diddy Kong,0.38356164383561653,0.625,0.25,0.75,0.625,0.2692307692307693,0.4117647058823528,0.14814814814814814,0.15000000000000002,0.6666666666666665,0.38123236118979564,0.10264373487658977,3.3673783551553362
Rosalina & Luma,0.2739726027397261,0.5,0.75,0.75,0.5,0.23076923076923073,0.37254901960784315,0.16666666666666666,0.37500000000000006,0.7777777777777777,0.21725070540058877,0.025140646288651976,3.4043279327838087
