name,poids,recovery,spacing,projectiles,speed,combo_game,killpower,edgeguard,ledgetrap,cheese,easy,Distance
Sephiroth,0.2328767123287671,0.625,1.0,0.6666666666666666,0.375,0.19230769230769232,0.5882352941176471,0.48148148148148145,0.325,0.6,0.5643478698733662,2.1219941374451015
Rosalina & Luma,0.273972602739726,0.625,0.75,0.6666666666666666,0.5,0.23076923076923078,0.37254901960784315,0.16666666666666666,0.375,0.6,0.21725070540058888,2.4806054336185173
Hero,0.5342465753424658,0.75,0.75,0.6666666666666666,0.375,0.19230769230769232,0.6862745098039216,0.2777777777777778,0.25,1.0,0.6265958875341517,2.725264441863073
Wolf,0.410958904109589,0.5,0.5,0.3333333333333333,0.5,0.46153846153846156,0.6470588235294117,0.3888888888888889,0.375,0.4,0.7696714150290344,2.7293002185172104
Lucario,0.410958904109589,1.0,0.25,0.3333333333333333,0.625,0.38461538461538464,0.7058823529411764,0.1111111111111111,0.3,0.8,0.4346232023950598,2.8064973814641503
