name,weight,recovery,spacing,projectiles,speed,combo_game,killpower,edgeguard,ledgetrap,cheese,easy,Distance
Mii Brawler,0.4383561643835616,0.5,0.25,0.25,0.5,0.38461538461538464,0.5686274509803921,0.12962962962962962,0.3,0.6,0.6994607579373959,1.7136450455982337
Wolf,0.410958904109589,0.5,0.5,0.25,0.5,0.46153846153846156,0.6470588235294117,0.3888888888888889,0.375,0.4,0.7696714150290344,1.978704414031639
Yoshi,0.5753424657534246,0.75,0.25,0.25,0.625,0.34615384615384615,0.5686274509803921,0.3148148148148148,0.275,0.4,0.7985359829658762,2.0459156406178085
Captain Falcon,0.5753424657534246,0.25,0.0,0.0,0.75,0.34615384615384615,0.5686274509803921,0.42592592592592593,0.525,0.2,0.6032455315652505,2.6536838524672426
Wario,0.6301369863013698,0.625,0.0,0.0,0.375,0.5769230769230769,0.6470588235294117,0.5740740740740741,0.225,0.4,0.46667534592684745,2.7097813673354545
