name,weight,recovery,spacing,projectiles,speed,combo_game,killpower,edgeguard,ledgetrap,cheese,easy,Silhouette Score,Distance
Yoshi,0.5753424657534246,0.75,0.25,0.25,0.625,0.34615384615384615,0.5686274509803919,0.31481481481481477,0.275,0.4444444444444445,0.7985359829658762,0.193164077713825,1.7346831899569883
Mario,0.49315068493150693,0.375,0.0,0.25,0.5,0.5384615384615384,0.4705882352941173,0.2777777777777778,0.30000000000000004,0.3333333333333333,0.8278415198585406,0.34147689587400465,2.05947451310019
Wolf,0.410958904109589,0.5,0.5,0.25,0.5,0.46153846153846156,0.6470588235294117,0.38888888888888884,0.37500000000000006,0.1111111111111111,0.7696714150290342,0.11508431152434585,2.4753888486957147
Lucario,0.410958904109589,0.75,0.25,0.5,0.625,0.3846153846153847,0.7058823529411762,0.1111111111111111,0.30000000000000004,0.6666666666666665,0.4346232023950598,0.04442586065524684,2.6708096626837947
Roy,0.45205479452054786,0.375,0.75,0.0,0.75,0.423076923076923,0.784313725490196,0.18518518518518517,0.42500000000000004,0.2222222222222222,0.7417727792586492,0.15040518600658737,2.7567743064800645
