name,weight,recovery,spacing,projectiles,speed,combo_game,killpower,edgeguard,ledgetrap,cheese,easy,Distance
Sora,0.3150684931506849,0.875,1.0,0.5,0.25,0.34615384615384615,0.4509803921568627,0.2777777777777778,0.3,0.6,0.7374848810423233,1.977191792106988
Mewtwo,0.2191780821917808,0.625,1.0,0.75,0.75,0.3076923076923077,0.6666666666666667,0.35185185185185186,0.375,0.8,0.5060433745889366,2.1233198313998054
Mii Swordfighter,0.5205479452054794,0.625,1.0,0.75,0.375,0.3076923076923077,0.4509803921568627,0.35185185185185186,0.4,0.6,0.7759625722160969,2.275836660428146
Byleth,0.4794520547945205,0.5,1.0,0.5,0.125,0.3076923076923077,0.7058823529411764,0.37037037037037035,0.5,0.4,0.6607394838278406,2.422864223226702
Lucas,0.4383561643835616,0.625,0.75,0.75,0.375,0.34615384615384615,0.23529411764705888,0.5370370370370371,0.325,0.6,0.5663637279571264,2.483598013210291
