name,weight,recovery,spacing,projectiles,speed,combo_game,killpower,edgeguard,ledgetrap,cheese,easy,Silhouette Score,Distance
Pokemon Trainer,0.4657534246575342,0.75,0.5,0.5,0.5,0.5384615384615384,0.5882352941176467,0.6851851851851852,0.22500000000000003,0.4444444444444445,0.30546549525479305,0.11054182310797332,2.377070437209638
Ridley,0.6164383561643835,0.375,0.5,0.5,0.5,0.2692307692307693,0.5490196078431371,0.42592592592592593,0.30000000000000004,0.1111111111111111,0.7347298750785117,0.1048688645781983,2.986167837039192
Inkling,0.4383561643835615,1.0,0.0,0.5,0.625,0.5000000000000001,0.6470588235294117,0.6851851851851852,0.2,0.4444444444444445,0.6256887513964595,0.12067943947700363,3.020834927523684
Wolf,0.410958904109589,0.5,0.5,0.25,0.5,0.46153846153846156,0.6470588235294117,0.38888888888888884,0.37500000000000006,0.1111111111111111,0.7696714150290342,0.11508431152434585,3.0965707962914095
Joker,0.4246575342465754,0.875,0.75,0.5,0.5,0.3076923076923078,0.5294117647058822,0.7407407407407407,0.15000000000000002,0.6666666666666665,0.4600776104908679,0.066892473447554,3.1229056645548146
