name,weight,recovery,spacing,projectiles,speed,combo_game,killpower,edgeguard,ledgetrap,cheese,easy,Distance
Lucario,0.410958904109589,0.75,0.25,0.5,0.625,0.38461538461538464,0.7058823529411764,0.1111111111111111,0.3,0.6666666666666666,0.4346232023950598,3.2091852229895994
Luigi,0.4794520547945205,0.25,0.0,0.25,0.25,0.7692307692307693,0.9803921568627451,0.16666666666666666,0.15,0.8888888888888888,0.4439633449338096,3.4345342578628335
Kazuya,0.6986301369863014,0.5,0.0,0.25,0.0,1.0,0.9019607843137255,0.1111111111111111,0.2,1.0,0.13239987897564187,3.4525478259484026
Pac-Man,0.4520547945205479,1.0,0.0,0.75,0.375,0.5769230769230769,0.17647058823529416,0.2777777777777778,0.225,0.8888888888888888,0.23161369424738065,3.5079753662392816
Ice Climbers,0.410958904109589,0.375,0.5,0.25,0.125,0.8076923076923077,0.47058823529411764,0.0,0.5,0.6666666666666666,0.0,3.6109621494459208
