name,weight,recovery,spacing,projectiles,speed,combo_game,killpower,edgeguard,ledgetrap,cheese,easy,Distance
Bayonetta,0.2602739726027397,0.75,0.25,0.5,0.375,0.7692307692307693,0.17647058823529416,0.3148148148148148,0.275,0.8,0.2856134926661079,2.1458310220207304
Duck Hunt,0.3287671232876712,0.75,0.5,1.0,0.5,0.38461538461538464,0.0,0.4074074074074074,0.4,0.6,0.326892386719434,3.0538856560624645
Pikachu,0.2328767123287671,1.0,0.25,0.5,0.625,0.2692307692307692,0.33333333333333337,0.6851851851851852,0.175,1.0,0.34148215960064865,3.313900154254203
Lucario,0.410958904109589,1.0,0.25,0.5,0.625,0.38461538461538464,0.7058823529411764,0.1111111111111111,0.3,0.8,0.4346232023950598,3.5031363618654785
Pichu,0.0,1.0,0.25,0.5,0.5,0.4230769230769231,0.47058823529411764,0.5925925925925926,0.25,1.0,0.34265387711183426,3.559111628772077
