name,weight,recovery,spacing,projectiles,speed,combo_game,killpower,edgeguard,ledgetrap,cheese,easy,Distance
Corrin,0.4931506849315068,0.375,1.0,0.25,0.375,0.5384615384615384,0.6470588235294117,0.4074074074074074,0.225,0.0,0.686924640479012,2.1858761975175343
Wolf,0.410958904109589,0.5,0.5,0.25,0.5,0.46153846153846156,0.6470588235294117,0.3888888888888889,0.375,0.1111111111111111,0.7696714150290344,2.323069520726007
Pyra Mythra,0.4520547945205479,0.25,1.0,0.25,0.875,0.38461538461538464,0.3529411764705882,0.2222222222222222,0.4,0.7777777777777778,0.9433291896202904,2.3539412577291596
Roy,0.4520547945205479,0.375,0.75,0.0,0.75,0.4230769230769231,0.7843137254901961,0.18518518518518517,0.425,0.2222222222222222,0.7417727792586492,2.42014325844153
Lucina,0.3835616438356164,0.625,1.0,0.0,0.75,0.3076923076923077,0.4509803921568627,0.5185185185185185,0.35,0.0,0.8949611947230682,2.5641296688905655
