name,weight,recovery,spacing,projectiles,speed,combo_game,killpower,edgeguard,ledgetrap,cheese,easy,Distance
Pokemon Trainer,0.4657534246575342,0.75,0.5,0.5,0.5,0.5384615384615384,0.5882352941176471,0.6851851851851852,0.225,0.4444444444444444,0.30546549525479316,2.466617317447994
Inkling,0.4383561643835616,1.0,0.0,0.5,0.625,0.5,0.6470588235294117,0.6851851851851852,0.2,0.4444444444444444,0.6256887513964596,2.4793493158706803
Yoshi,0.5753424657534246,0.75,0.25,0.25,0.625,0.34615384615384615,0.5686274509803921,0.3148148148148148,0.275,0.4444444444444444,0.7985359829658762,2.745611863259583
Bowser Jr.,0.6301369863013698,0.625,0.5,0.75,0.25,0.5,0.803921568627451,0.6481481481481481,0.25,0.4444444444444444,0.5876688280798674,2.895533561963638
Mario,0.4931506849315068,0.375,0.0,0.25,0.5,0.5384615384615384,0.47058823529411764,0.2777777777777778,0.3,0.3333333333333333,0.8278415198585407,3.0094714179482254
