name,weight,recovery,spacing,projectiles,speed,combo_game,killpower,edgeguard,ledgetrap,cheese,easy,Silhouette Score,Distance
Lucario,0.410958904109589,0.75,0.25,0.5,0.625,0.3846153846153847,0.7058823529411762,0.1111111111111111,0.30000000000000004,0.6666666666666665,0.4346232023950598,0.04442586065524684,2.1439614233358673
Rosalina & Luma,0.2739726027397261,0.5,0.75,0.75,0.5,0.23076923076923073,0.37254901960784315,0.16666666666666666,0.37500000000000006,0.7777777777777777,0.21725070540058877,0.025140646288651976,2.4603413031488013
Megaman,0.5479452054794519,0.875,0.25,1.0,0.5,0.07692307692307698,0.5490196078431371,0.4444444444444444,0.30000000000000004,0.4444444444444445,0.3211849885197877,0.13384330173161887,2.7437100637959704
Mii Brawler,0.4383561643835615,0.5,0.25,0.25,0.5,0.3846153846153847,0.5686274509803919,0.12962962962962962,0.30000000000000004,0.5555555555555556,0.6994607579373959,0.233154776828591,2.842339549624664
Young Link,0.3561643835616438,0.625,0.75,1.0,0.5,0.423076923076923,0.27450980392156854,0.14814814814814814,0.4,0.6666666666666665,0.6575351095835182,0.01545952547909732,2.9013213731484018
