name,weight,recovery,spacing,projectiles,speed,combo_game,killpower,edgeguard,ledgetrap,cheese,easy,Silhouette Score,Distance
Mii Brawler,0.4383561643835615,0.5,0.25,0.25,0.5,0.3846153846153847,0.5686274509803919,0.12962962962962962,0.30000000000000004,0.5555555555555556,0.6994607579373959,0.233154776828591,2.05947451310019
Yoshi,0.5753424657534246,0.75,0.25,0.25,0.625,0.34615384615384615,0.5686274509803919,0.31481481481481477,0.275,0.4444444444444445,0.7985359829658762,0.193164077713825,2.600646029020641
Captain Falcon,0.5753424657534246,0.375,0.0,0.0,0.75,0.34615384615384615,0.5686274509803919,0.42592592592592593,0.525,0.2222222222222222,0.6032455315652505,0.27842418027150395,2.6363888146556067
Kirby,0.23287671232876705,0.25,0.25,0.0,0.25,0.423076923076923,0.3529411764705883,0.35185185185185186,0.15000000000000002,0.1111111111111111,0.9027516463599273,0.24976896853315678,2.744198987312511
Dr. Mario,0.49315068493150693,0.0,0.0,0.25,0.125,0.423076923076923,0.607843137254902,0.4444444444444444,0.45,0.1111111111111111,0.6925396450991583,0.21467831779557867,3.0479386555435295
