name,poids,recovery,spacing,projectiles,speed,combo_game,killpower,edgeguard,ledgetrap,cheese,easy,Distance
Rosalina & Luma,0.273972602739726,0.625,0.75,0.6666666666666666,0.5,0.23076923076923078,0.37254901960784315,0.16666666666666666,0.375,0.6,0.21725070540058888,2.4927756955028726
Greninja,0.3561643835616438,0.875,0.5,0.3333333333333333,0.875,0.3076923076923077,0.7254901960784313,0.2962962962962963,0.35,0.0,0.37788519691387956,2.620402482460134
Marth,0.3835616438356164,0.625,1.0,0.0,0.75,0.34615384615384615,0.5294117647058824,0.5185185185185185,0.25,0.2,0.4912730143370577,2.711288326489242
Mii Brawler,0.4383561643835616,0.5,0.0,0.3333333333333333,0.5,0.38461538461538464,0.5686274509803921,0.12962962962962962,0.3,0.6,0.6994607579373959,2.806148296303399
Yoshi,0.5753424657534246,0.75,0.0,0.3333333333333333,0.625,0.34615384615384615,0.5686274509803921,0.3148148148148148,0.275,0.4,0.7985359829658762,2.9466417199414647
