name,weight,recovery,spacing,projectiles,speed,combo_game,killpower,edgeguard,ledgetrap,cheese,easy,Silhouette Score,Distance
Donkey Kong,0.8904109589041095,0.125,0.75,0.0,0.625,0.5000000000000001,0.8627450980392157,0.2592592592592593,0.42500000000000004,0.5555555555555556,0.8763397056743331,0.15783694783631175,2.410006527061772
Incineroar,0.7397260273972602,0.125,0.25,0.0,0.0,0.423076923076923,0.725490196078431,0.2592592592592593,0.525,0.8888888888888888,0.7416509876647671,0.16566696494281055,3.5641491134584564
Captain Falcon,0.5753424657534246,0.375,0.0,0.0,0.75,0.34615384615384615,0.5686274509803919,0.42592592592592593,0.525,0.2222222222222222,0.6032455315652505,0.27842418027150395,3.781352358589251
Yoshi,0.5753424657534246,0.75,0.25,0.25,0.625,0.34615384615384615,0.5686274509803919,0.31481481481481477,0.275,0.4444444444444445,0.7985359829658762,0.193164077713825,3.9000367290681526
Cloud,0.5205479452054794,0.25,1.0,0.25,0.625,0.5384615384615384,0.43137254901960764,0.2962962962962963,0.37500000000000006,0.2222222222222222,0.8781875755004525,0.2563105832114339,3.926751694033273
