name,weight,recovery,spacing,projectiles,speed,combo_game,killpower,edgeguard,ledgetrap,cheese,easy,Silhouette Score,Distance
Isabelle,0.3561643835616438,0.5,0.25,1.0,0.25,0.3076923076923078,0.5490196078431371,0.37037037037037035,0.47500000000000003,0.6666666666666665,0.6301530371951143,0.2708147195841238,2.371454936466315
Zelda,0.31506849315068497,0.75,0.25,1.0,0.25,0.07692307692307698,0.784313725490196,0.2777777777777778,0.5,0.6666666666666665,0.719762128806592,0.27034196208100403,2.4160862622030344
Robin,0.45205479452054786,0.5,0.75,1.0,0.125,0.15384615384615385,0.6470588235294117,0.31481481481481477,0.25000000000000006,0.2222222222222222,0.37355950135848337,0.2178529991843598,3.290907087075126
Banjo & Kazooie,0.6027397260273973,0.375,0.5,1.0,0.375,0.15384615384615385,0.392156862745098,0.35185185185185186,0.275,0.6666666666666665,0.6712723423154878,0.19863469467110823,3.2946427070852393
Link,0.5753424657534246,0.5,0.75,1.0,0.375,0.1923076923076923,0.5686274509803919,0.24074074074074073,0.525,0.2222222222222222,0.4824536352206066,0.22786776103699483,3.373898231548831
