name,weight,recovery,spacing,projectiles,speed,combo_game,killpower,edgeguard,ledgetrap,cheese,easy,Distance
Kazuya,0.6986301369863014,0.5,0.0,0.25,0.0,1.0,0.9019607843137255,0.1111111111111111,0.2,1.0,0.13239987897564187,2.6654337952744473
Terry,0.6301369863013698,0.25,0.0,0.25,0.25,0.6923076923076923,0.7254901960784313,0.14814814814814814,0.525,0.6666666666666666,0.4097903506257383,2.885871070402987
Ryu,0.5616438356164384,0.375,0.0,0.5,0.25,0.5769230769230769,0.6666666666666667,0.018518518518518517,0.175,0.2222222222222222,0.18147342420218004,3.289443803642695
Steve,0.410958904109589,0.875,0.25,0.5,0.0,0.5769230769230769,0.7450980392156863,0.18518518518518517,0.275,1.0,0.2294886439347441,3.4345342578628335
Ken,0.5616438356164384,0.375,0.0,0.5,0.375,0.5769230769230769,1.0,0.1111111111111111,0.525,0.3333333333333333,0.17837824218673393,3.4795152033337615
