name,weight,recovery,spacing,projectiles,speed,combo_game,killpower,edgeguard,ledgetrap,cheese,easy,Distance
Chrom,0.4520547945205479,0.125,1.0,0.0,0.75,0.3076923076923077,0.7843137254901961,0.2962962962962963,0.6,0.4,0.7826275030055292,1.941106066704294
Wolf,0.410958904109589,0.5,0.5,0.25,0.5,0.46153846153846156,0.6470588235294117,0.3888888888888889,0.375,0.4,0.7696714150290344,2.7611142958744233
Donkey Kong,0.8904109589041096,0.125,0.75,0.0,0.625,0.5,0.8627450980392157,0.25925925925925924,0.425,1.0,0.8763397056743332,2.8002588982613035
Pyra Mythra,0.4520547945205479,0.25,1.0,0.25,0.875,0.38461538461538464,0.3529411764705882,0.2222222222222222,0.4,0.4,0.9433291896202904,2.820815416732014
Cloud,0.5205479452054794,0.125,1.0,0.25,0.625,0.5384615384615384,0.43137254901960786,0.2962962962962963,0.375,0.2,0.8781875755004525,3.0307691950374425
