name,weight,recovery,spacing,projectiles,speed,combo_game,killpower,edgeguard,ledgetrap,cheese,easy,Distance
Ken,0.5616438356164384,0.375,0.0,0.5,0.375,0.5769230769230769,1.0,0.1111111111111111,0.525,0.2,0.17837824218673393,2.18589864623885
Ryu,0.5616438356164384,0.375,0.0,0.5,0.25,0.5769230769230769,0.6666666666666667,0.018518518518518517,0.175,0.4,0.18147342420218004,2.684410917012576
Mario,0.4931506849315068,0.375,0.0,0.25,0.5,0.5384615384615384,0.47058823529411764,0.2777777777777778,0.3,0.4,0.8278415198585407,3.0746029589142387
Mii Brawler,0.4383561643835616,0.5,0.0,0.25,0.5,0.38461538461538464,0.5686274509803921,0.12962962962962962,0.3,0.6,0.6994607579373959,3.195561996735077
Incineroar,0.7397260273972602,0.125,0.25,0.0,0.0,0.4230769230769231,0.7254901960784313,0.25925925925925924,0.525,1.0,0.7416509876647671,3.2876226814902942
