name,weight,recovery,spacing,projectiles,speed,combo_game,killpower,edgeguard,ledgetrap,cheese,easy,Silhouette Score,Distance
Zero Suit Samus,0.2465753424657534,1.0,0.5,0.25,0.875,0.23076923076923073,0.725490196078431,0.4814814814814815,0.37500000000000006,0.3333333333333333,0.30147577596269604,0.17301322607132802,2.706708165978436
Pokemon Trainer,0.4657534246575342,0.75,0.5,0.5,0.5,0.5384615384615384,0.5882352941176467,0.6851851851851852,0.22500000000000003,0.4444444444444445,0.30546549525479305,0.11054182310797332,2.8222906418718794
Inkling,0.4383561643835615,1.0,0.0,0.5,0.625,0.5000000000000001,0.6470588235294117,0.6851851851851852,0.2,0.4444444444444445,0.6256887513964595,0.12067943947700363,2.8563432683594443
Sheik,0.2191780821917807,0.875,0.0,0.25,0.875,0.3076923076923078,0.6470588235294117,0.611111111111111,0.30000000000000004,0.0,0.09134776895673857,0.05002878879907174,3.0757976113049303
Joker,0.4246575342465754,0.875,0.75,0.5,0.5,0.3076923076923078,0.5294117647058822,0.7407407407407407,0.15000000000000002,0.6666666666666665,0.4600776104908679,0.066892473447554,3.4270802823984576
