name,weight,recovery,spacing,projectiles,speed,combo_game,killpower,edgeguard,ledgetrap,cheese,easy,Distance
Isabelle,0.3561643835616438,0.5,0.25,1.0,0.25,0.3076923076923077,0.5490196078431373,0.37037037037037035,0.475,0.8,0.6301530371951143,2.3019564541106576
Zelda,0.3150684931506849,0.75,0.25,1.0,0.25,0.07692307692307693,0.7843137254901961,0.2777777777777778,0.5,0.8,0.7197621288065921,2.3268626275548834
Megaman,0.547945205479452,0.875,0.25,1.0,0.5,0.07692307692307693,0.5490196078431373,0.4444444444444444,0.3,0.6,0.32118498851978783,2.71031400606756
Ness,0.4383561643835616,0.5,0.75,0.75,0.25,0.23076923076923078,0.5490196078431373,0.35185185185185186,0.575,0.8,0.7034420776528225,2.771941951830407
Robin,0.4520547945205479,0.625,0.75,1.0,0.125,0.15384615384615385,0.6470588235294117,0.3148148148148148,0.25,0.6,0.37355950135848337,2.850717704949714
