name,weight,recovery,spacing,projectiles,speed,combo_game,killpower,edgeguard,ledgetrap,cheese,easy,Distance
Pikachu,0.2328767123287671,1.0,0.25,0.5,0.625,0.2692307692307692,0.33333333333333337,0.6851851851851852,0.175,0.7777777777777778,0.34148215960064865,1.8625488608006147
Mr. Game & Watch,0.1780821917808219,1.0,0.75,0.5,0.5,0.5384615384615384,0.3529411764705882,0.7037037037037037,0.175,0.8888888888888888,0.7595879250738803,2.6956692546665124
Joker,0.4246575342465753,0.875,0.75,0.5,0.5,0.3076923076923077,0.5294117647058824,0.7407407407407407,0.15,0.6666666666666666,0.46007761049086804,3.0490235035834266
Pokemon Trainer,0.4657534246575342,0.75,0.5,0.5,0.5,0.5384615384615384,0.5882352941176471,0.6851851851851852,0.225,0.4444444444444444,0.30546549525479316,3.156806776924036
Bayonetta,0.2602739726027397,0.875,0.25,0.5,0.375,0.7692307692307693,0.17647058823529416,0.3148148148148148,0.275,0.6666666666666666,0.2856134926661079,3.191747440045645
