name,weight,recovery,spacing,projectiles,speed,combo_game,killpower,edgeguard,ledgetrap,cheese,easy,Distance
Pikachu,0.2328767123287671,1.0,0.25,0.5,0.625,0.2692307692307692,0.33333333333333337,0.6851851851851852,0.175,1.0,0.34148215960064865,1.8625488608006147
Mr. Game & Watch,0.1780821917808219,1.0,0.75,0.5,0.5,0.5384615384615384,0.3529411764705882,0.7037037037037037,0.175,0.8,0.7595879250738803,2.750683681857346
Inkling,0.4383561643835616,1.0,0.0,0.5,0.625,0.5,0.6470588235294117,0.6851851851851852,0.2,0.6,0.6256887513964596,3.285972207253336
Bayonetta,0.2602739726027397,0.75,0.25,0.5,0.375,0.7692307692307693,0.17647058823529416,0.3148148148148148,0.275,0.8,0.2856134926661079,3.325781475311695
Lucario,0.410958904109589,1.0,0.25,0.5,0.625,0.38461538461538464,0.7058823529411764,0.1111111111111111,0.3,0.8,0.4346232023950598,3.541970947364642
