name,weight,recovery,spacing,projectiles,speed,combo_game,killpower,edgeguard,ledgetrap,cheese,easy,Distance
Pokemon Trainer,0.4657534246575342,0.875,0.5,0.25,0.5,0.5384615384615384,0.5882352941176471,0.6851851851851852,0.225,0.2,0.30546549525479316,2.228744179951044
Sheik,0.2191780821917808,0.875,0.25,0.25,0.875,0.3076923076923077,0.6470588235294117,0.6111111111111112,0.3,0.0,0.09134776895673868,2.6197386224162513
Inkling,0.4383561643835616,1.0,0.0,0.5,0.625,0.5,0.6470588235294117,0.6851851851851852,0.2,0.6,0.6256887513964596,2.6699376187161206
Zero Suit Samus,0.2465753424657534,1.0,0.5,0.25,0.875,0.23076923076923078,0.7254901960784313,0.48148148148148145,0.375,0.0,0.30147577596269626,2.759890388896962
Wario,0.6301369863013698,0.625,0.25,0.0,0.375,0.5769230769230769,0.6470588235294117,0.5740740740740741,0.225,0.4,0.46667534592684745,3.104961521056057
