name,poids,recovery,spacing,projectiles,speed,combo_game,killpower,edgeguard,ledgetrap,cheese,easy,Distance
Lucas,0.4383561643835616,0.625,0.25,0.6666666666666666,0.375,0.34615384615384615,0.23529411764705888,0.5370370370370371,0.325,0.6,0.5663637279571264,2.2887763202994487
Rosalina & Luma,0.273972602739726,0.625,0.75,0.6666666666666666,0.5,0.23076923076923078,0.37254901960784315,0.16666666666666666,0.375,0.6,0.21725070540058888,2.7223804517974957
Olimar,0.2328767123287671,0.75,0.5,1.0,0.125,0.46153846153846156,0.33333333333333337,0.24074074074074073,0.575,0.6,0.3533841216195224,2.741449580286511
Young Link,0.3561643835616438,0.5,0.5,1.0,0.5,0.4230769230769231,0.27450980392156865,0.14814814814814814,0.4,0.2,0.6575351095835182,2.7965014522434064
Pac-Man,0.4520547945205479,1.0,0.0,0.6666666666666666,0.375,0.5769230769230769,0.17647058823529416,0.2777777777777778,0.225,1.0,0.23161369424738065,3.118032891010842
