name,poids,recovery,spacing,projectiles,speed,combo_game,killpower,edgeguard,ledgetrap,cheese,easy,Distance
Mii Brawler,0.4383561643835616,0.5,0.0,0.3333333333333333,0.5,0.38461538461538464,0.5686274509803921,0.12962962962962962,0.3,0.6,0.6994607579373959,3.1963998388163146
Falco,0.273972602739726,0.25,0.5,0.3333333333333333,0.5,0.5384615384615384,0.6666666666666667,0.46296296296296297,0.275,0.2,0.5277852438791648,3.2224700337030754
Ken,0.5616438356164384,0.375,0.0,0.3333333333333333,0.375,0.5769230769230769,1.0,0.1111111111111111,0.525,0.2,0.17837824218673393,3.397037322340382
Ryu,0.5616438356164384,0.375,0.0,0.3333333333333333,0.25,0.5769230769230769,0.6666666666666667,0.018518518518518517,0.175,0.4,0.18147342420218004,3.6022842710500798
Greninja,0.3561643835616438,0.875,0.5,0.3333333333333333,0.875,0.3076923076923077,0.7254901960784313,0.2962962962962963,0.35,0.0,0.37788519691387956,3.6327223046526194
