name,weight,recovery,spacing,projectiles,speed,combo_game,killpower,edgeguard,ledgetrap,cheese,easy,Silhouette Score,Distance
Chrom,0.45205479452054786,0.125,0.75,0.0,0.75,0.3076923076923078,0.784313725490196,0.2962962962962963,0.6,0.1111111111111111,0.7826275030055291,0.11517254674464443,3.664353537298811
Roy,0.45205479452054786,0.375,0.75,0.0,0.75,0.423076923076923,0.784313725490196,0.18518518518518517,0.42500000000000004,0.2222222222222222,0.7417727792586492,0.15040518600658737,3.7848733732232636
Mii Brawler,0.4383561643835615,0.5,0.25,0.25,0.5,0.3846153846153847,0.5686274509803919,0.12962962962962962,0.30000000000000004,0.5555555555555556,0.6994607579373959,0.233154776828591,4.092249893168134
Pyra Mythra,0.45205479452054786,0.25,1.0,0.25,0.875,0.3846153846153847,0.3529411764705883,0.2222222222222222,0.4,0.7777777777777777,0.9433291896202903,0.05978927835355647,4.280873002966376
Donkey Kong,0.8904109589041095,0.125,0.75,0.0,0.625,0.5000000000000001,0.8627450980392157,0.2592592592592593,0.42500000000000004,0.5555555555555556,0.8763397056743331,0.15783694783631175,4.351896797433452
