name,weight,recovery,spacing,projectiles,speed,combo_game,killpower,edgeguard,ledgetrap,cheese,easy,Distance
Corrin,0.4931506849315068,0.375,1.0,0.3333333333333333,0.375,0.5384615384615384,0.6470588235294117,0.4074074074074074,0.225,0.2,0.686924640479012,2.839139233539556
Byleth,0.4794520547945205,0.5,1.0,0.0,0.125,0.3076923076923077,0.7058823529411764,0.37037037037037035,0.5,0.4,0.6607394838278406,3.533815568553768
Wolf,0.410958904109589,0.5,0.5,0.3333333333333333,0.5,0.46153846153846156,0.6470588235294117,0.3888888888888889,0.375,0.4,0.7696714150290344,3.7354555174056077
Cloud,0.5205479452054794,0.125,1.0,0.3333333333333333,0.625,0.5384615384615384,0.43137254901960786,0.2962962962962963,0.375,0.2,0.8781875755004525,3.973059131529509
Pit,0.4657534246575342,0.875,0.75,0.3333333333333333,0.5,0.34615384615384615,0.4509803921568627,0.6481481481481481,0.125,0.2,0.7210388387583188,4.0600994621525235
