name,weight,recovery,spacing,projectiles,speed,combo_game,killpower,edgeguard,ledgetrap,cheese,easy,Distance
Toon Link,0.3972602739726027,0.5,0.5,1.0,0.5,0.19230769230769232,0.47058823529411764,0.3148148148148148,0.475,0.2,0.6617642117710796,1.8543230525657577
Mii Swordfighter,0.5205479452054794,0.625,0.75,0.6666666666666666,0.375,0.3076923076923077,0.4509803921568627,0.35185185185185186,0.4,0.6,0.7759625722160969,2.5968320511861713
Link,0.5753424657534246,0.5,0.75,1.0,0.375,0.19230769230769232,0.5686274509803921,0.24074074074074073,0.525,0.2,0.4824536352206066,2.6960637274085655
Wii Fit Trainer,0.4657534246575342,0.375,0.0,0.6666666666666666,0.5,0.4230769230769231,0.17647058823529416,0.09259259259259259,0.6,0.6,0.4723827441264937,2.75393584028712
Palutena,0.3972602739726027,0.5,0.5,0.6666666666666666,0.625,0.34615384615384615,0.5098039215686274,0.48148148148148145,0.6,0.2,0.884629922043797,2.7679442753071815
