name,weight,recovery,spacing,projectiles,speed,combo_game,killpower,edgeguard,ledgetrap,cheese,easy,Distance
Pichu,0.0,1.0,0.25,0.5,0.5,0.4230769230769231,0.47058823529411764,0.5925925925925926,0.25,1.0,0.34265387711183426,2.750683681857346
Joker,0.4246575342465753,0.875,0.75,0.5,0.5,0.3076923076923077,0.5294117647058824,0.7407407407407407,0.15,0.4,0.46007761049086804,2.7690190482956787
Pikachu,0.2328767123287671,1.0,0.25,0.5,0.625,0.2692307692307692,0.33333333333333337,0.6851851851851852,0.175,1.0,0.34148215960064865,2.8212538012688078
Pit,0.4657534246575342,0.875,0.75,0.5,0.5,0.34615384615384615,0.4509803921568627,0.6481481481481481,0.125,0.2,0.7210388387583188,2.836054729084908
R.O.B.,0.6027397260273972,1.0,0.75,0.75,0.5,0.34615384615384615,0.4901960784313726,0.5370370370370371,0.2,0.8,0.7265278525002123,2.8452011882201846
