name,poids,recovery,spacing,projectiles,speed,combo_game,killpower,edgeguard,ledgetrap,cheese,easy,Distance
Pichu,0.0,1.0,0.0,0.3333333333333333,0.5,0.4230769230769231,0.47058823529411764,0.5925925925925926,0.25,1.0,0.34265387711183426,2.092745207606762
Lucas,0.4383561643835616,0.625,0.25,0.6666666666666666,0.375,0.34615384615384615,0.23529411764705888,0.5370370370370371,0.325,0.6,0.5663637279571264,2.9961801931005394
Inkling,0.4383561643835616,1.0,0.0,0.3333333333333333,0.625,0.5,0.6470588235294117,0.6851851851851852,0.2,0.6,0.6256887513964596,3.055510801121752
Pac-Man,0.4520547945205479,1.0,0.0,0.6666666666666666,0.375,0.5769230769230769,0.17647058823529416,0.2777777777777778,0.225,1.0,0.23161369424738065,3.157854630785455
Megaman,0.547945205479452,0.875,0.25,1.0,0.5,0.07692307692307693,0.5490196078431373,0.4444444444444444,0.3,0.6,0.32118498851978783,3.2718288839591216
