name,weight,recovery,spacing,projectiles,speed,combo_game,killpower,edgeguard,ledgetrap,cheese,easy,Distance
Diddy Kong,0.3835616438356164,0.625,0.25,0.75,0.625,0.2692307692307692,0.4117647058823529,0.14814814814814814,0.15,0.6666666666666666,0.38123236118979575,2.7255231280641294
Villager,0.410958904109589,0.5,0.25,1.0,0.25,0.038461538461538464,0.7058823529411764,0.6666666666666666,0.45,0.5555555555555556,0.5960514380288311,2.771056721362766
Toon Link,0.3972602739726027,0.625,0.75,1.0,0.5,0.19230769230769232,0.47058823529411764,0.3148148148148148,0.475,0.3333333333333333,0.6617642117710796,2.782063633896094
Banjo & Kazooie,0.6027397260273972,0.375,0.5,1.0,0.375,0.15384615384615385,0.3921568627450981,0.35185185185185186,0.275,0.6666666666666666,0.6712723423154878,2.8313333309601783
Robin,0.4520547945205479,0.5,0.75,1.0,0.125,0.15384615384615385,0.6470588235294117,0.3148148148148148,0.25,0.2222222222222222,0.37355950135848337,2.8642763406338996
