name,weight,recovery,spacing,projectiles,speed,combo_game,killpower,edgeguard,ledgetrap,cheese,easy,Silhouette Score,Distance
Palutena,0.39726027397260266,0.5,0.5,0.5,0.625,0.34615384615384615,0.5098039215686274,0.4814814814814815,0.6,0.4444444444444445,0.884629922043797,0.06656806492259691,3.078411892056204
Cloud,0.5205479452054794,0.25,1.0,0.25,0.625,0.5384615384615384,0.43137254901960764,0.2962962962962963,0.37500000000000006,0.2222222222222222,0.8781875755004525,0.2563105832114339,3.0801790902558706
Roy,0.45205479452054786,0.375,0.75,0.0,0.75,0.423076923076923,0.784313725490196,0.18518518518518517,0.42500000000000004,0.2222222222222222,0.7417727792586492,0.15040518600658737,3.3202115589629675
Mii Swordfighter,0.5205479452054794,0.625,1.0,0.75,0.375,0.3076923076923078,0.4509803921568625,0.35185185185185186,0.4,0.5555555555555556,0.7759625722160968,0.1774722602092593,3.433216138480313
Young Link,0.3561643835616438,0.625,0.75,1.0,0.5,0.423076923076923,0.27450980392156854,0.14814814814814814,0.4,0.6666666666666665,0.6575351095835182,0.01545952547909732,3.444106120657978
