name,weight,recovery,spacing,projectiles,speed,combo_game,killpower,edgeguard,ledgetrap,cheese,easy,Silhouette Score,Distance
Pokemon Trainer,0.4657534246575342,0.75,0.5,0.5,0.5,0.5384615384615384,0.5882352941176467,0.6851851851851852,0.22500000000000003,0.4444444444444445,0.30546549525479305,0.11054182310797332,2.953867961090228
Bayonetta,0.26027397260273977,0.875,0.25,0.5,0.375,0.7692307692307693,0.17647058823529393,0.31481481481481477,0.275,0.6666666666666665,0.2856134926661078,0.20042176129365907,2.9857821941267835
Lucas,0.4383561643835615,0.625,0.75,0.75,0.375,0.34615384615384615,0.23529411764705888,0.5370370370370371,0.325,0.5555555555555556,0.5663637279571264,-0.015049255373281022,3.5014133784819457
Duck Hunt,0.3287671232876711,0.5,0.5,1.0,0.5,0.3846153846153847,0.0,0.40740740740740744,0.4,0.4444444444444445,0.32689238671943377,-0.05222008873683956,3.533480116526101
Olimar,0.23287671232876705,0.75,0.75,1.0,0.125,0.46153846153846156,0.33333333333333304,0.24074074074074073,0.575,0.8888888888888888,0.3533841216195224,0.07661188411426899,3.7734356960547926
