name,weight,recovery,spacing,projectiles,speed,combo_game,killpower,edgeguard,ledgetrap,cheese,easy,Silhouette Score,Distance
Lucas,0.4383561643835615,0.625,0.75,0.75,0.375,0.34615384615384615,0.23529411764705888,0.5370370370370371,0.325,0.5555555555555556,0.5663637279571264,-0.015049255373281022,2.2675751685180665
Rosalina & Luma,0.2739726027397261,0.5,0.75,0.75,0.5,0.23076923076923073,0.37254901960784315,0.16666666666666666,0.37500000000000006,0.7777777777777777,0.21725070540058877,0.025140646288651976,2.395461098248829
Toon Link,0.39726027397260266,0.625,0.75,1.0,0.5,0.1923076923076923,0.4705882352941173,0.31481481481481477,0.47500000000000003,0.3333333333333333,0.6617642117710795,0.15962981249910074,2.5923097288182197
Duck Hunt,0.3287671232876711,0.5,0.5,1.0,0.5,0.3846153846153847,0.0,0.40740740740740744,0.4,0.4444444444444445,0.32689238671943377,-0.05222008873683956,2.6487787776740834
Olimar,0.23287671232876705,0.75,0.75,1.0,0.125,0.46153846153846156,0.33333333333333304,0.24074074074074073,0.575,0.8888888888888888,0.3533841216195224,0.07661188411426899,2.665806886777942
