name,weight,recovery,spacing,projectiles,speed,combo_game,killpower,edgeguard,ledgetrap,cheese,easy,Silhouette Score,Distance
Cloud,0.5205479452054794,0.25,1.0,0.25,0.625,0.5384615384615384,0.43137254901960764,0.2962962962962963,0.37500000000000006,0.2222222222222222,0.8781875755004525,0.2563105832114339,2.1954033903917325
Wolf,0.410958904109589,0.5,0.5,0.25,0.5,0.46153846153846156,0.6470588235294117,0.38888888888888884,0.37500000000000006,0.1111111111111111,0.7696714150290342,0.11508431152434585,2.5767655849120867
Marth,0.38356164383561653,0.625,1.0,0.0,0.75,0.34615384615384615,0.5294117647058822,0.5185185185185185,0.25000000000000006,0.1111111111111111,0.4912730143370576,0.30392166165070256,2.616601753738009
Byleth,0.4794520547945206,0.5,1.0,0.25,0.125,0.3076923076923078,0.7058823529411762,0.37037037037037035,0.5,0.2222222222222222,0.6607394838278406,0.20511561849222512,2.6348222628005233
Falco,0.2739726027397261,0.25,0.5,0.25,0.5,0.5384615384615384,0.6666666666666665,0.4629629629629629,0.275,0.1111111111111111,0.5277852438791648,0.11402513264975575,2.711598393220631
