name,weight,recovery,spacing,projectiles,speed,combo_game,killpower,edgeguard,ledgetrap,cheese,easy,Distance
Incineroar,0.7397260273972602,0.125,0.25,0.0,0.0,0.4230769230769231,0.7254901960784313,0.25925925925925924,0.525,0.8888888888888888,0.7416509876647671,3.004123711817978
Dr. Mario,0.4931506849315068,0.0,0.0,0.25,0.125,0.4230769230769231,0.607843137254902,0.4444444444444444,0.45,0.1111111111111111,0.6925396450991583,3.1976319889358376
Ridley,0.6164383561643836,0.375,0.5,0.5,0.5,0.2692307692307692,0.5490196078431373,0.42592592592592593,0.3,0.1111111111111111,0.7347298750785118,3.328913097942281
Mario,0.4931506849315068,0.375,0.0,0.25,0.5,0.5384615384615384,0.47058823529411764,0.2777777777777778,0.3,0.3333333333333333,0.8278415198585407,3.4105566174124022
Piranha Plant,0.684931506849315,0.375,0.25,0.75,0.25,0.3076923076923077,0.3529411764705882,0.3148148148148148,0.4,0.5555555555555556,0.6411268646385841,3.4329673420888733
