name,weight,recovery,spacing,projectiles,speed,combo_game,killpower,edgeguard,ledgetrap,cheese,easy,Distance
Villager,0.410958904109589,0.5,0.0,1.0,0.25,0.038461538461538464,0.7058823529411764,0.6666666666666666,0.45,0.6,0.5960514380288311,2.540752162049261
Banjo & Kazooie,0.6027397260273972,0.375,0.5,1.0,0.375,0.15384615384615385,0.3921568627450981,0.35185185185185186,0.275,0.6,0.6712723423154878,3.1276724348067013
Ridley,0.6164383561643836,0.25,0.5,0.3333333333333333,0.5,0.2692307692307692,0.5490196078431373,0.42592592592592593,0.3,0.8,0.7347298750785118,3.160735424967893
Ness,0.4383561643835616,0.5,0.25,0.6666666666666666,0.25,0.23076923076923078,0.5490196078431373,0.35185185185185186,0.575,0.8,0.7034420776528225,3.2013396277521413
Bowser Jr.,0.6301369863013698,0.625,0.5,0.6666666666666666,0.25,0.5,0.803921568627451,0.6481481481481481,0.25,0.6,0.5876688280798674,3.283088691676418
