name,weight,recovery,spacing,projectiles,speed,combo_game,killpower,edgeguard,ledgetrap,cheese,easy,Distance
Terry,0.6301369863013698,0.25,0.0,0.3333333333333333,0.25,0.6923076923076923,0.7254901960784313,0.14814814814814814,0.525,0.4,0.4097903506257383,3.318500337192117
Ryu,0.5616438356164384,0.375,0.0,0.3333333333333333,0.25,0.5769230769230769,0.6666666666666667,0.018518518518518517,0.175,0.4,0.18147342420218004,3.431638183198968
Bayonetta,0.2602739726027397,0.75,0.25,0.3333333333333333,0.375,0.7692307692307693,0.17647058823529416,0.3148148148148148,0.275,0.8,0.2856134926661079,3.433412425965873
Steve,0.410958904109589,0.875,0.5,0.0,0.0,0.5769230769230769,0.7450980392156863,0.18518518518518517,0.275,1.0,0.2294886439347441,3.442291568462462
Olimar,0.2328767123287671,0.75,0.5,1.0,0.125,0.46153846153846156,0.33333333333333337,0.24074074074074073,0.575,0.6,0.3533841216195224,3.805094508662093
