name,weight,recovery,spacing,projectiles,speed,combo_game,killpower,edgeguard,ledgetrap,cheese,easy,Distance
Incineroar,0.7397260273972602,0.125,0.25,0.0,0.0,0.4230769230769231,0.7254901960784313,0.25925925925925924,0.525,1.0,0.7416509876647671,2.242753348673076
Ness,0.4383561643835616,0.5,0.25,0.6666666666666666,0.25,0.23076923076923078,0.5490196078431373,0.35185185185185186,0.575,0.8,0.7034420776528225,2.7088148505115837
Ridley,0.6164383561643836,0.25,0.5,0.3333333333333333,0.5,0.2692307692307692,0.5490196078431373,0.42592592592592593,0.3,0.8,0.7347298750785118,2.784143913631237
Isabelle,0.3561643835616438,0.5,0.0,1.0,0.25,0.3076923076923077,0.5490196078431373,0.37037037037037035,0.475,0.8,0.6301530371951143,2.963491349361428
Ganondorf,0.7671232876712328,0.0,0.25,0.0,0.125,0.23076923076923078,0.5686274509803921,0.2037037037037037,0.2,0.8,0.940330600720697,3.142525471981319
