name,weight,recovery,spacing,projectiles,speed,combo_game,killpower,edgeguard,ledgetrap,cheese,easy,Distance
Lucina,0.3835616438356164,0.625,1.0,0.0,0.75,0.3076923076923077,0.4509803921568627,0.5185185185185185,0.35,0.0,0.8949611947230682,1.8633909512595124
Greninja,0.3561643835616438,0.5,0.75,0.25,0.875,0.3076923076923077,0.7254901960784313,0.2962962962962963,0.35,0.0,0.37788519691387956,2.0881904244844747
Pit,0.4657534246575342,0.625,0.75,0.5,0.5,0.34615384615384615,0.4509803921568627,0.6481481481481481,0.125,0.0,0.7210388387583188,2.4431260222874758
Corrin,0.4931506849315068,0.375,1.0,0.25,0.375,0.5384615384615384,0.6470588235294117,0.4074074074074074,0.225,0.0,0.686924640479012,2.601220803027506
Wolf,0.410958904109589,0.5,0.5,0.25,0.5,0.46153846153846156,0.6470588235294117,0.3888888888888889,0.375,0.1111111111111111,0.7696714150290344,2.6252416166669277
