name,weight,recovery,spacing,projectiles,speed,combo_game,killpower,edgeguard,ledgetrap,cheese,easy,Distance
Bayonetta,0.2602739726027397,0.875,0.25,0.5,0.375,0.7692307692307693,0.17647058823529416,0.3148148148148148,0.275,0.6666666666666666,0.2856134926661079,2.028329855363028
Diddy Kong,0.3835616438356164,0.625,0.25,0.75,0.625,0.2692307692307692,0.4117647058823529,0.14814814814814814,0.15,0.6666666666666666,0.38123236118979575,3.073247049443046
Pikachu,0.2328767123287671,1.0,0.25,0.5,0.625,0.2692307692307692,0.33333333333333337,0.6851851851851852,0.175,0.7777777777777778,0.34148215960064865,3.33283455621101
Duck Hunt,0.3287671232876712,0.5,0.5,1.0,0.5,0.38461538461538464,0.0,0.4074074074074074,0.4,0.4444444444444444,0.326892386719434,3.523956065208299
Peach,0.3698630136986301,0.75,0.5,0.75,0.25,0.7692307692307693,0.2549019607843137,0.6481481481481481,0.4,0.3333333333333333,0.07329323999406112,3.5332878484128463
