name,weight,recovery,spacing,projectiles,speed,combo_game,killpower,edgeguard,ledgetrap,cheese,easy,Distance
Mii Brawler,0.4383561643835616,0.5,0.0,0.25,0.5,0.38461538461538464,0.5686274509803921,0.12962962962962962,0.3,0.6,0.6994607579373959,2.5616386881082773
Mewtwo,0.2191780821917808,0.625,0.75,0.75,0.75,0.3076923076923077,0.6666666666666667,0.35185185185185186,0.375,0.8,0.5060433745889366,2.7150982602203153
Hero,0.5342465753424658,0.75,0.75,0.75,0.375,0.19230769230769232,0.6862745098039216,0.2777777777777778,0.25,1.0,0.6265958875341517,2.7649531385733797
Yoshi,0.5753424657534246,0.75,0.0,0.25,0.625,0.34615384615384615,0.5686274509803921,0.3148148148148148,0.275,0.4,0.7985359829658762,2.8291704760349927
Megaman,0.547945205479452,0.875,0.25,1.0,0.5,0.07692307692307693,0.5490196078431373,0.4444444444444444,0.3,0.6,0.32118498851978783,3.1008892329722073
