name,weight,recovery,spacing,projectiles,speed,combo_game,killpower,edgeguard,ledgetrap,cheese,easy,Distance
Lucas,0.4383561643835616,0.625,0.75,0.75,0.375,0.34615384615384615,0.23529411764705888,0.5370370370370371,0.325,0.5555555555555556,0.5663637279571264,2.2328734845946645
Young Link,0.3561643835616438,0.625,0.75,1.0,0.5,0.4230769230769231,0.27450980392156865,0.14814814814814814,0.4,0.6666666666666666,0.6575351095835182,2.55889931624225
Rosalina & Luma,0.273972602739726,0.5,0.75,0.75,0.5,0.23076923076923078,0.37254901960784315,0.16666666666666666,0.375,0.7777777777777778,0.21725070540058888,2.822409803169011
Wii Fit Trainer,0.4657534246575342,0.5,0.0,0.75,0.5,0.4230769230769231,0.17647058823529416,0.09259259259259259,0.6,0.5555555555555556,0.4723827441264937,2.8447335941875043
Toon Link,0.3972602739726027,0.625,0.75,1.0,0.5,0.19230769230769232,0.47058823529411764,0.3148148148148148,0.475,0.3333333333333333,0.6617642117710796,3.156913221458682
