name,weight,recovery,spacing,projectiles,speed,combo_game,killpower,edgeguard,ledgetrap,cheese,easy,Distance
Pichu,0.0,1.0,0.25,0.5,0.5,0.4230769230769231,0.47058823529411764,0.5925925925925926,0.25,1.0,0.34265387711183426,1.8625488608006147
Mr. Game & Watch,0.1780821917808219,1.0,0.75,0.5,0.5,0.5384615384615384,0.3529411764705882,0.7037037037037037,0.175,0.8,0.7595879250738803,2.8212538012688078
Joker,0.4246575342465753,0.875,0.75,0.5,0.5,0.3076923076923077,0.5294117647058824,0.7407407407407407,0.15,0.4,0.46007761049086804,2.962173545262414
Inkling,0.4383561643835616,1.0,0.0,0.5,0.625,0.5,0.6470588235294117,0.6851851851851852,0.2,0.6,0.6256887513964596,2.988102597972104
Pac-Man,0.4520547945205479,1.0,0.0,0.75,0.375,0.5769230769230769,0.17647058823529416,0.2777777777777778,0.225,1.0,0.23161369424738065,3.313900154254203
