name,weight,recovery,spacing,projectiles,speed,combo_game,killpower,edgeguard,ledgetrap,cheese,easy,Silhouette Score,Distance
Terry,0.6301369863013698,0.25,0.0,0.25,0.25,0.6923076923076924,0.725490196078431,0.14814814814814814,0.525,0.6666666666666665,0.4097903506257383,0.2438935806725692,3.08898675648497
Ryu,0.5616438356164383,0.375,0.0,0.5,0.25,0.576923076923077,0.6666666666666665,0.018518518518518517,0.175,0.2222222222222222,0.18147342420218004,0.13015073041905353,3.6168010074549444
Bayonetta,0.26027397260273977,0.875,0.25,0.5,0.375,0.7692307692307693,0.17647058823529393,0.31481481481481477,0.275,0.6666666666666665,0.2856134926661078,0.20042176129365907,3.748507267545552
Steve,0.410958904109589,0.875,0.25,0.5,0.0,0.576923076923077,0.7450980392156863,0.18518518518518517,0.275,1.0,0.2294886439347441,0.061610030811054865,3.8617683776913077
Ken,0.5616438356164383,0.375,0.0,0.5,0.375,0.576923076923077,1.0,0.1111111111111111,0.525,0.3333333333333333,0.17837824218673393,0.1837101697038571,3.8646592875097867
