name,weight,recovery,spacing,projectiles,speed,combo_game,killpower,edgeguard,ledgetrap,cheese,easy,Distance
Luigi,0.4794520547945205,0.25,0.0,0.25,0.25,0.7692307692307693,0.9803921568627451,0.16666666666666666,0.15,1.0,0.4439633449338096,2.7043211169514216
Ryu,0.5616438356164384,0.375,0.0,0.5,0.25,0.5769230769230769,0.6666666666666667,0.018518518518518517,0.175,0.4,0.18147342420218004,3.3280769998946487
Terry,0.6301369863013698,0.25,0.0,0.25,0.25,0.6923076923076923,0.7254901960784313,0.14814814814814814,0.525,0.4,0.4097903506257383,3.561962811116957
Ice Climbers,0.410958904109589,0.375,0.5,0.25,0.125,0.8076923076923077,0.47058823529411764,0.0,0.5,0.8,0.0,3.8188994472762743
Steve,0.410958904109589,0.875,0.5,0.75,0.0,0.5769230769230769,0.7450980392156863,0.18518518518518517,0.275,1.0,0.2294886439347441,3.880584962207233
