name,weight,recovery,spacing,projectiles,speed,combo_game,killpower,edgeguard,ledgetrap,cheese,easy,Silhouette Score,Distance
Terry,0.6301369863013698,0.25,0.0,0.25,0.25,0.6923076923076924,0.725490196078431,0.14814814814814814,0.525,0.6666666666666665,0.4097903506257383,0.2438935806725692,2.4297913483389695
Ryu,0.5616438356164383,0.375,0.0,0.5,0.25,0.576923076923077,0.6666666666666665,0.018518518518518517,0.175,0.2222222222222222,0.18147342420218004,0.13015073041905353,2.8810920220118192
Fox,0.20547945205479456,0.25,0.0,0.25,0.875,0.576923076923077,0.8039215686274508,0.037037037037037035,0.35000000000000003,0.0,0.3466939926040429,0.17245038344534147,3.5794470682858632
Luigi,0.4794520547945206,0.25,0.0,0.25,0.25,0.7692307692307693,0.9803921568627447,0.16666666666666666,0.15000000000000002,0.8888888888888888,0.4439633449338094,0.2920890262779068,3.647916302006668
Lucario,0.410958904109589,0.75,0.25,0.5,0.625,0.3846153846153847,0.7058823529411762,0.1111111111111111,0.30000000000000004,0.6666666666666665,0.4346232023950598,0.04442586065524684,3.7037242750321404
