name,weight,recovery,spacing,projectiles,speed,combo_game,killpower,edgeguard,ledgetrap,cheese,easy,Silhouette Score,Distance
Pichu,0.0,1.0,0.25,0.5,0.5,0.423076923076923,0.4705882352941173,0.5925925925925926,0.25000000000000006,0.7777777777777777,0.34265387711183415,0.038633989589886446,1.867478433374326
Joker,0.4246575342465754,0.875,0.75,0.5,0.5,0.3076923076923078,0.5294117647058822,0.7407407407407407,0.15000000000000002,0.6666666666666665,0.4600776104908679,0.066892473447554,2.254244807916336
Mr. Game & Watch,0.17808219178082185,1.0,0.75,0.5,0.5,0.5384615384615384,0.3529411764705883,0.7037037037037037,0.175,0.8888888888888888,0.7595879250738802,-0.002684698564339157,2.820202244344437
Pokemon Trainer,0.4657534246575342,0.75,0.5,0.5,0.5,0.5384615384615384,0.5882352941176467,0.6851851851851852,0.22500000000000003,0.4444444444444445,0.30546549525479305,0.11054182310797332,2.9486538564480536
Inkling,0.4383561643835615,1.0,0.0,0.5,0.625,0.5000000000000001,0.6470588235294117,0.6851851851851852,0.2,0.4444444444444445,0.6256887513964595,0.12067943947700363,2.9751610053934763
