name,weight,recovery,spacing,projectiles,speed,combo_game,killpower,edgeguard,ledgetrap,cheese,easy,Silhouette Score,Distance
Ness,0.4383561643835615,0.5,0.75,0.75,0.25,0.23076923076923073,0.5490196078431371,0.35185185185185186,0.575,0.8888888888888888,0.7034420776528224,0.1512928587859424,3.8861065943002044
Min Min,0.5753424657534246,0.125,1.0,0.75,0.25,0.15384615384615385,0.7058823529411762,0.8148148148148148,0.42500000000000004,1.0,0.7712253057192602,0.1391273585272258,4.452055594804355
Palutena,0.39726027397260266,0.5,0.5,0.5,0.625,0.34615384615384615,0.5098039215686274,0.4814814814814815,0.6,0.4444444444444445,0.884629922043797,0.06656806492259691,4.485863555378513
Link,0.5753424657534246,0.5,0.75,1.0,0.375,0.1923076923076923,0.5686274509803919,0.24074074074074073,0.525,0.2222222222222222,0.4824536352206066,0.22786776103699483,4.605218580510242
King Dedede,0.8904109589041095,0.75,1.0,0.75,0.125,0.3076923076923078,0.784313725490196,0.4629629629629629,0.65,1.0,0.8116264613972942,0.2064806643768397,4.610837578679441
