name,weight,recovery,spacing,projectiles,speed,combo_game,killpower,edgeguard,ledgetrap,cheese,easy,Distance
Pac-Man,0.4520547945205479,1.0,0.0,0.75,0.375,0.5769230769230769,0.17647058823529416,0.2777777777777778,0.225,1.0,0.23161369424738065,2.1390001454354923
Duck Hunt,0.3287671232876712,0.75,0.5,1.0,0.5,0.38461538461538464,0.0,0.4074074074074074,0.4,0.6,0.326892386719434,3.0578288801113693
Peach,0.3698630136986301,0.75,0.5,0.75,0.25,0.7692307692307693,0.2549019607843137,0.6481481481481481,0.4,0.2,0.07329323999406112,3.0739660615978908
Lucas,0.4383561643835616,0.625,0.25,0.75,0.375,0.34615384615384615,0.23529411764705888,0.5370370370370371,0.325,0.6,0.5663637279571264,3.1688185569628673
Olimar,0.2328767123287671,0.75,0.5,1.0,0.125,0.46153846153846156,0.33333333333333337,0.24074074074074073,0.575,0.6,0.3533841216195224,3.330514744240198
