name,weight,recovery,spacing,projectiles,speed,combo_game,killpower,edgeguard,ledgetrap,cheese,easy,Silhouette Score,Distance
Ness,0.4383561643835615,0.5,0.75,0.75,0.25,0.23076923076923073,0.5490196078431371,0.35185185185185186,0.575,0.8888888888888888,0.7034420776528224,0.1512928587859424,3.1120736872990804
Mii Swordfighter,0.5205479452054794,0.625,1.0,0.75,0.375,0.3076923076923078,0.4509803921568625,0.35185185185185186,0.4,0.5555555555555556,0.7759625722160968,0.1774722602092593,3.6403149645818376
Banjo & Kazooie,0.6027397260273973,0.375,0.5,1.0,0.375,0.15384615384615385,0.392156862745098,0.35185185185185186,0.275,0.6666666666666665,0.6712723423154878,0.19863469467110823,3.6704112544040806
Sephiroth,0.23287671232876705,0.625,1.0,0.5,0.375,0.1923076923076923,0.5882352941176467,0.4814814814814815,0.325,0.5555555555555556,0.5643478698733662,0.07823414428223265,3.7700770959655396
King Dedede,0.8904109589041095,0.75,1.0,0.75,0.125,0.3076923076923078,0.784313725490196,0.4629629629629629,0.65,1.0,0.8116264613972942,0.2064806643768397,3.844203851371376
