name,weight,recovery,spacing,projectiles,speed,combo_game,killpower,edgeguard,ledgetrap,cheese,easy,Silhouette Score,Distance
Link,0.5753424657534246,0.5,0.75,1.0,0.375,0.1923076923076923,0.5686274509803919,0.24074074074074073,0.525,0.2222222222222222,0.4824536352206066,0.22786776103699483,2.7454189792406165
Piranha Plant,0.684931506849315,0.375,0.25,0.75,0.25,0.3076923076923078,0.3529411764705883,0.31481481481481477,0.4,0.5555555555555556,0.641126864638584,0.179462755380171,2.7873864545683578
Toon Link,0.39726027397260266,0.625,0.75,1.0,0.5,0.1923076923076923,0.4705882352941173,0.31481481481481477,0.47500000000000003,0.3333333333333333,0.6617642117710795,0.15962981249910074,2.8856554854307097
Isabelle,0.3561643835616438,0.5,0.25,1.0,0.25,0.3076923076923078,0.5490196078431371,0.37037037037037035,0.47500000000000003,0.6666666666666665,0.6301530371951143,0.2708147195841238,2.9289183356757813
Banjo & Kazooie,0.6027397260273973,0.375,0.5,1.0,0.375,0.15384615384615385,0.392156862745098,0.35185185185185186,0.275,0.6666666666666665,0.6712723423154878,0.19863469467110823,3.133743710890841
