name,weight,recovery,spacing,projectiles,speed,combo_game,killpower,edgeguard,ledgetrap,cheese,easy,Silhouette Score,Distance
Diddy Kong,0.38356164383561653,0.625,0.25,0.75,0.625,0.2692307692307693,0.4117647058823528,0.14814814814814814,0.15000000000000002,0.6666666666666665,0.38123236118979564,0.10264373487658977,3.2515642481090112
Megaman,0.5479452054794519,0.875,0.25,1.0,0.5,0.07692307692307698,0.5490196078431371,0.4444444444444444,0.30000000000000004,0.4444444444444445,0.3211849885197877,0.13384330173161887,3.4615096724304797
Banjo & Kazooie,0.6027397260273973,0.375,0.5,1.0,0.375,0.15384615384615385,0.392156862745098,0.35185185185185186,0.275,0.6666666666666665,0.6712723423154878,0.19863469467110823,3.993642475360419
Lucario,0.410958904109589,0.75,0.25,0.5,0.625,0.3846153846153847,0.7058823529411762,0.1111111111111111,0.30000000000000004,0.6666666666666665,0.4346232023950598,0.04442586065524684,4.176894856932743
Rosalina & Luma,0.2739726027397261,0.5,0.75,0.75,0.5,0.23076923076923073,0.37254901960784315,0.16666666666666666,0.37500000000000006,0.7777777777777777,0.21725070540058877,0.025140646288651976,4.23446740339991
