name,weight,recovery,spacing,projectiles,speed,combo_game,killpower,edgeguard,ledgetrap,cheese,easy,Distance
Toon Link,0.3972602739726027,0.5,0.5,1.0,0.5,0.19230769230769232,0.47058823529411764,0.3148148148148148,0.475,0.2,0.6617642117710796,1.854323052565758
Diddy Kong,0.3835616438356164,0.625,0.5,0.75,0.625,0.2692307692307692,0.4117647058823529,0.14814814814814814,0.15,0.2,0.38123236118979575,2.415841366738718
Mii Swordfighter,0.5205479452054794,0.625,0.75,0.75,0.375,0.3076923076923077,0.4509803921568627,0.35185185185185186,0.4,0.6,0.7759625722160969,2.512470182206063
Wii Fit Trainer,0.4657534246575342,0.375,0.0,0.75,0.5,0.4230769230769231,0.17647058823529416,0.09259259259259259,0.6,0.6,0.4723827441264937,2.6607317833453594
Link,0.5753424657534246,0.5,0.75,1.0,0.375,0.19230769230769232,0.5686274509803921,0.24074074074074073,0.525,0.2,0.4824536352206066,2.691507642123274
