name,weight,recovery,spacing,projectiles,speed,combo_game,killpower,edgeguard,ledgetrap,cheese,easy,Silhouette Score,Distance
Isabelle,0.3561643835616438,0.5,0.25,1.0,0.25,0.3076923076923078,0.5490196078431371,0.37037037037037035,0.47500000000000003,0.6666666666666665,0.6301530371951143,0.2708147195841238,2.0664261207500183
Villager,0.410958904109589,0.5,0.25,1.0,0.25,0.038461538461538436,0.7058823529411762,0.6666666666666666,0.45,0.5555555555555556,0.5960514380288311,0.34898560285989483,2.4160862622030344
Ness,0.4383561643835615,0.5,0.75,0.75,0.25,0.23076923076923073,0.5490196078431371,0.35185185185185186,0.575,0.8888888888888888,0.7034420776528224,0.1512928587859424,2.8713687034821462
Toon Link,0.39726027397260266,0.625,0.75,1.0,0.5,0.1923076923076923,0.4705882352941173,0.31481481481481477,0.47500000000000003,0.3333333333333333,0.6617642117710795,0.15962981249910074,2.986726667399199
Link,0.5753424657534246,0.5,0.75,1.0,0.375,0.1923076923076923,0.5686274509803919,0.24074074074074073,0.525,0.2222222222222222,0.4824536352206066,0.22786776103699483,3.161025645704824
