name,weight,recovery,spacing,projectiles,speed,combo_game,killpower,edgeguard,ledgetrap,cheese,easy,Silhouette Score,Distance
Luigi,0.4794520547945206,0.25,0.0,0.25,0.25,0.7692307692307693,0.9803921568627447,0.16666666666666666,0.15000000000000002,0.8888888888888888,0.4439633449338094,0.2920890262779068,2.8085106227818235
Terry,0.6301369863013698,0.25,0.0,0.25,0.25,0.6923076923076924,0.725490196078431,0.14814814814814814,0.525,0.6666666666666665,0.4097903506257383,0.2438935806725692,3.755778117179818
Ice Climbers,0.410958904109589,0.375,0.5,0.25,0.125,0.8076923076923078,0.4705882352941173,0.0,0.5,0.6666666666666665,0.0,0.19703988085172885,4.389177370373423
Ken,0.5616438356164383,0.375,0.0,0.5,0.375,0.576923076923077,1.0,0.1111111111111111,0.525,0.3333333333333333,0.17837824218673393,0.1837101697038571,4.684028859613774
Ryu,0.5616438356164383,0.375,0.0,0.5,0.25,0.576923076923077,0.6666666666666665,0.018518518518518517,0.175,0.2222222222222222,0.18147342420218004,0.13015073041905353,4.695983235859289
