name,weight,recovery,spacing,projectiles,speed,combo_game,killpower,edgeguard,ledgetrap,cheese,easy,Distance
Olimar,0.2328767123287671,0.75,0.75,1.0,0.125,0.46153846153846156,0.33333333333333337,0.24074074074074073,0.575,0.8888888888888888,0.3533841216195224,3.309982785763398
Lucario,0.410958904109589,0.75,0.25,0.5,0.625,0.38461538461538464,0.7058823529411764,0.1111111111111111,0.3,0.6666666666666666,0.4346232023950598,3.3624373771002074
Hero,0.5342465753424658,0.75,1.0,0.75,0.375,0.19230769230769232,0.6862745098039216,0.2777777777777778,0.25,1.0,0.6265958875341517,3.546275337444488
Pac-Man,0.4520547945205479,1.0,0.0,0.75,0.375,0.5769230769230769,0.17647058823529416,0.2777777777777778,0.225,0.8888888888888888,0.23161369424738065,3.648391887156898
Sora,0.3150684931506849,0.875,1.0,0.5,0.25,0.34615384615384615,0.4509803921568627,0.2777777777777778,0.3,0.6666666666666666,0.7374848810423233,3.6627414732631696
