name,weight,recovery,spacing,projectiles,speed,combo_game,killpower,edgeguard,ledgetrap,cheese,easy,Distance
Lucina,0.3835616438356164,0.625,1.0,0.0,0.75,0.3076923076923077,0.4509803921568627,0.5185185185185185,0.35,0.0,0.8949611947230682,1.9421261092724655
Joker,0.4246575342465753,0.875,0.75,0.3333333333333333,0.5,0.3076923076923077,0.5294117647058824,0.7407407407407407,0.15,0.4,0.46007761049086804,2.3030392573505165
Pit,0.4657534246575342,0.875,0.75,0.3333333333333333,0.5,0.34615384615384615,0.4509803921568627,0.6481481481481481,0.125,0.2,0.7210388387583188,2.3460019070220457
Corrin,0.4931506849315068,0.375,1.0,0.3333333333333333,0.375,0.5384615384615384,0.6470588235294117,0.4074074074074074,0.225,0.2,0.686924640479012,2.6369292986610358
Greninja,0.3561643835616438,0.875,0.5,0.3333333333333333,0.875,0.3076923076923077,0.7254901960784313,0.2962962962962963,0.35,0.0,0.37788519691387956,2.6540393628706815
