name,weight,recovery,spacing,projectiles,speed,combo_game,killpower,edgeguard,ledgetrap,cheese,easy,Distance
Kazuya,0.6986301369863014,0.5,0.0,0.25,0.0,1.0,0.9019607843137255,0.1111111111111111,0.2,0.8,0.13239987897564187,2.7043211169514216
Ryu,0.5616438356164384,0.375,0.0,0.5,0.25,0.5769230769230769,0.6666666666666667,0.018518518518518517,0.175,0.4,0.18147342420218004,3.1651187045898426
Terry,0.6301369863013698,0.25,0.0,0.25,0.25,0.6923076923076923,0.7254901960784313,0.14814814814814814,0.525,0.4,0.4097903506257383,3.415849626506348
Steve,0.410958904109589,0.875,0.5,0.75,0.0,0.5769230769230769,0.7450980392156863,0.18518518518518517,0.275,1.0,0.2294886439347441,3.7436279672255908
Dr. Mario,0.4931506849315068,0.0,0.0,0.25,0.125,0.4230769230769231,0.607843137254902,0.4444444444444444,0.45,1.0,0.6925396450991583,3.782472157426936
