name,weight,recovery,spacing,projectiles,speed,combo_game,killpower,edgeguard,ledgetrap,cheese,easy,Distance
Ken,0.5616438356164384,0.375,0.0,0.5,0.375,0.5769230769230769,1.0,0.1111111111111111,0.525,0.3333333333333333,0.17837824218673393,2.829763386146758
Terry,0.6301369863013698,0.25,0.0,0.25,0.25,0.6923076923076923,0.7254901960784313,0.14814814814814814,0.525,0.6666666666666666,0.4097903506257383,3.047999849656116
Mii Brawler,0.4383561643835616,0.5,0.25,0.25,0.5,0.38461538461538464,0.5686274509803921,0.12962962962962962,0.3,0.5555555555555556,0.6994607579373959,3.272905628919277
Lucario,0.410958904109589,0.75,0.25,0.5,0.625,0.38461538461538464,0.7058823529411764,0.1111111111111111,0.3,0.6666666666666666,0.4346232023950598,3.2753416483855387
Luigi,0.4794520547945205,0.25,0.0,0.25,0.25,0.7692307692307693,0.9803921568627451,0.16666666666666666,0.15,0.8888888888888888,0.4439633449338096,3.289443803642695
