name,weight,recovery,spacing,projectiles,speed,combo_game,killpower,edgeguard,ledgetrap,cheese,easy,Distance
Isabelle,0.3561643835616438,0.5,0.25,1.0,0.25,0.3076923076923077,0.5490196078431373,0.37037037037037035,0.475,0.6666666666666666,0.6301530371951143,2.066420594679711
Villager,0.410958904109589,0.5,0.25,1.0,0.25,0.038461538461538464,0.7058823529411764,0.6666666666666666,0.45,0.5555555555555556,0.5960514380288311,2.281550854334256
Ness,0.4383561643835616,0.5,0.75,0.75,0.25,0.23076923076923078,0.5490196078431373,0.35185185185185186,0.575,0.8888888888888888,0.7034420776528225,2.608715918426655
Toon Link,0.3972602739726027,0.625,0.75,1.0,0.5,0.19230769230769232,0.47058823529411764,0.3148148148148148,0.475,0.3333333333333333,0.6617642117710796,2.771362815677522
Megaman,0.547945205479452,0.875,0.25,1.0,0.5,0.07692307692307693,0.5490196078431373,0.4444444444444444,0.3,0.4444444444444444,0.32118498851978783,3.10914128721565
