name,weight,recovery,spacing,projectiles,speed,combo_game,killpower,edgeguard,ledgetrap,cheese,easy,Distance
Duck Hunt,0.3287671232876712,0.75,0.5,1.0,0.5,0.38461538461538464,0.0,0.4074074074074074,0.4,0.6,0.326892386719434,2.1925936145967118
Mii Swordfighter,0.5205479452054794,0.625,0.75,0.75,0.375,0.3076923076923077,0.4509803921568627,0.35185185185185186,0.4,0.6,0.7759625722160969,2.2452316067007088
Banjo & Kazooie,0.6027397260273972,0.375,0.5,1.0,0.375,0.15384615384615385,0.3921568627450981,0.35185185185185186,0.275,0.6,0.6712723423154878,2.3120707769006565
Isabelle,0.3561643835616438,0.5,0.0,1.0,0.25,0.3076923076923077,0.5490196078431373,0.37037037037037035,0.475,0.8,0.6301530371951143,2.477384607396958
Piranha Plant,0.684931506849315,0.375,0.5,0.75,0.25,0.3076923076923077,0.3529411764705882,0.3148148148148148,0.4,1.0,0.6411268646385841,2.6197348018794235
