name,weight,recovery,spacing,projectiles,speed,combo_game,killpower,edgeguard,ledgetrap,cheese,easy,Silhouette Score,Distance
Pikachu,0.23287671232876705,1.0,0.25,0.5,0.625,0.2692307692307693,0.33333333333333304,0.6851851851851852,0.175,0.7777777777777777,0.34148215960064854,0.052048234015534704,3.12700480295657
Inkling,0.4383561643835615,1.0,0.0,0.5,0.625,0.5000000000000001,0.6470588235294117,0.6851851851851852,0.2,0.4444444444444445,0.6256887513964595,0.12067943947700363,3.132639454472782
Yoshi,0.5753424657534246,0.75,0.25,0.25,0.625,0.34615384615384615,0.5686274509803919,0.31481481481481477,0.275,0.4444444444444445,0.7985359829658762,0.193164077713825,3.1448502094971045
Zero Suit Samus,0.2465753424657534,1.0,0.5,0.25,0.875,0.23076923076923073,0.725490196078431,0.4814814814814815,0.37500000000000006,0.3333333333333333,0.30147577596269604,0.17301322607132802,3.40892843749787
Joker,0.4246575342465754,0.875,0.75,0.5,0.5,0.3076923076923078,0.5294117647058822,0.7407407407407407,0.15000000000000002,0.6666666666666665,0.4600776104908679,0.066892473447554,3.5333033994034704
