name,poids,recovery,spacing,projectiles,speed,combo_game,killpower,edgeguard,ledgetrap,cheese,easy,Distance
Toon Link,0.3972602739726027,0.5,0.5,1.0,0.5,0.19230769230769232,0.47058823529411764,0.3148148148148148,0.475,0.2,0.6617642117710796,1.9960329410317292
Wolf,0.410958904109589,0.5,0.5,0.3333333333333333,0.5,0.46153846153846156,0.6470588235294117,0.3888888888888889,0.375,0.4,0.7696714150290344,2.194688730426244
Mii Swordfighter,0.5205479452054794,0.625,0.75,0.6666666666666666,0.375,0.3076923076923077,0.4509803921568627,0.35185185185185186,0.4,0.6,0.7759625722160969,2.486856795386975
Young Link,0.3561643835616438,0.5,0.5,1.0,0.5,0.4230769230769231,0.27450980392156865,0.14814814814814814,0.4,0.2,0.6575351095835182,2.7679442753071815
Ness,0.4383561643835616,0.5,0.25,0.6666666666666666,0.25,0.23076923076923078,0.5490196078431373,0.35185185185185186,0.575,0.8,0.7034420776528225,2.8786467801030016
