name,weight,recovery,spacing,projectiles,speed,combo_game,killpower,edgeguard,ledgetrap,cheese,easy,Distance
Terry,0.6301369863013698,0.25,0.0,0.25,0.25,0.6923076923076923,0.7254901960784313,0.14814814814814814,0.525,0.6666666666666666,0.4097903506257383,2.74187624068301
Ganondorf,0.7671232876712328,0.0,0.25,0.0,0.125,0.23076923076923078,0.5686274509803921,0.2037037037037037,0.2,0.4444444444444444,0.940330600720697,3.004123711817978
Dr. Mario,0.4931506849315068,0.0,0.0,0.25,0.125,0.4230769230769231,0.607843137254902,0.4444444444444444,0.45,0.1111111111111111,0.6925396450991583,3.312896364610911
Bowser,1.0,0.25,0.5,0.0,0.625,0.38461538461538464,0.6274509803921569,0.25925925925925924,0.525,0.7777777777777778,0.9843099044974054,3.3262119013174694
Donkey Kong,0.8904109589041096,0.125,0.75,0.0,0.625,0.5,0.8627450980392157,0.25925925925925924,0.425,0.5555555555555556,0.8763397056743332,3.477664216771664
