name,weight,recovery,spacing,projectiles,speed,combo_game,killpower,edgeguard,ledgetrap,cheese,easy,Distance
Incineroar,0.7397260273972602,0.125,0.25,0.0,0.0,0.4230769230769231,0.7254901960784313,0.25925925925925924,0.525,1.0,0.7416509876647671,2.715199671541183
Ridley,0.6164383561643836,0.25,0.5,0.3333333333333333,0.5,0.2692307692307692,0.5490196078431373,0.42592592592592593,0.3,0.8,0.7347298750785118,2.7555864594439217
Dr. Mario,0.4931506849315068,0.0,0.0,0.3333333333333333,0.125,0.4230769230769231,0.607843137254902,0.4444444444444444,0.45,1.0,0.6925396450991583,3.142525471981319
King K. Rool,0.9726027397260274,0.5,0.0,0.6666666666666666,0.25,0.34615384615384615,0.6274509803921569,0.18518518518518517,0.375,1.0,1.0,3.3114972795413156
Mii Brawler,0.4383561643835616,0.5,0.0,0.3333333333333333,0.5,0.38461538461538464,0.5686274509803921,0.12962962962962962,0.3,0.6,0.6994607579373959,3.5896124617133247
