name,poids,recovery,spacing,projectiles,speed,combo_game,killpower,edgeguard,ledgetrap,cheese,easy,Distance
Wolf,0.410958904109589,0.5,0.5,0.3333333333333333,0.5,0.46153846153846156,0.6470588235294117,0.3888888888888889,0.375,0.4,0.7696714150290344,2.090542003997358
Corrin,0.4931506849315068,0.375,1.0,0.3333333333333333,0.375,0.5384615384615384,0.6470588235294117,0.4074074074074074,0.225,0.2,0.686924640479012,2.3277320519690976
Wario,0.6301369863013698,0.625,0.25,0.3333333333333333,0.375,0.5769230769230769,0.6470588235294117,0.5740740740740741,0.225,0.4,0.46667534592684745,2.8558059646246825
Mario,0.4931506849315068,0.375,0.0,0.3333333333333333,0.5,0.5384615384615384,0.47058823529411764,0.2777777777777778,0.3,0.4,0.8278415198585407,2.87207863048856
Toon Link,0.3972602739726027,0.5,0.5,1.0,0.5,0.19230769230769232,0.47058823529411764,0.3148148148148148,0.475,0.2,0.6617642117710796,3.001098511536124
