name,weight,recovery,spacing,projectiles,speed,combo_game,killpower,edgeguard,ledgetrap,cheese,easy,Silhouette Score,Distance
Incineroar,0.7397260273972602,0.125,0.25,0.0,0.0,0.423076923076923,0.725490196078431,0.2592592592592593,0.525,0.8888888888888888,0.7416509876647671,0.16566696494281055,3.1525719027794814
Ridley,0.6164383561643835,0.375,0.5,0.5,0.5,0.2692307692307693,0.5490196078431371,0.42592592592592593,0.30000000000000004,0.1111111111111111,0.7347298750785117,0.1048688645781983,3.3480257877022375
Dr. Mario,0.49315068493150693,0.0,0.0,0.25,0.125,0.423076923076923,0.607843137254902,0.4444444444444444,0.45,0.1111111111111111,0.6925396450991583,0.21467831779557867,3.511692369825774
Piranha Plant,0.684931506849315,0.375,0.25,0.75,0.25,0.3076923076923078,0.3529411764705883,0.31481481481481477,0.4,0.5555555555555556,0.641126864638584,0.179462755380171,3.607928872499801
Donkey Kong,0.8904109589041095,0.125,0.75,0.0,0.625,0.5000000000000001,0.8627450980392157,0.2592592592592593,0.42500000000000004,0.5555555555555556,0.8763397056743331,0.15783694783631175,3.7925414386542555
