name,weight,recovery,spacing,projectiles,speed,combo_game,killpower,edgeguard,ledgetrap,cheese,easy,Distance
King K. Rool,0.9726027397260274,0.5,0.5,0.75,0.25,0.34615384615384615,0.6274509803921569,0.18518518518518517,0.375,1.0,1.0,3.0197363776557435
Ness,0.4383561643835616,0.5,0.75,0.75,0.25,0.23076923076923078,0.5490196078431373,0.35185185185185186,0.575,0.8,0.7034420776528225,3.212284021577337
Byleth,0.4794520547945205,0.5,1.0,0.5,0.125,0.3076923076923077,0.7058823529411764,0.37037037037037035,0.5,0.4,0.6607394838278406,3.4273744300216737
Mii Swordfighter,0.5205479452054794,0.625,1.0,0.75,0.375,0.3076923076923077,0.4509803921568627,0.35185185185185186,0.4,0.6,0.7759625722160969,3.538524294271803
Hero,0.5342465753424658,0.75,1.0,0.75,0.375,0.19230769230769232,0.6862745098039216,0.2777777777777778,0.25,1.0,0.6265958875341517,3.589902010990378
