name,weight,recovery,spacing,projectiles,speed,combo_game,killpower,edgeguard,ledgetrap,cheese,easy,Distance
Incineroar,0.7397260273972602,0.125,0.25,0.0,0.0,0.4230769230769231,0.7254901960784313,0.25925925925925924,0.525,1.0,0.7416509876647671,2.1570182393583837
Piranha Plant,0.684931506849315,0.375,0.25,0.75,0.25,0.3076923076923077,0.3529411764705882,0.3148148148148148,0.4,1.0,0.6411268646385841,2.869019538675
Ridley,0.6164383561643836,0.25,0.5,0.5,0.5,0.2692307692307692,0.5490196078431373,0.42592592592592593,0.3,0.8,0.7347298750785118,2.892096991171046
Ganondorf,0.7671232876712328,0.0,0.25,0.0,0.125,0.23076923076923078,0.5686274509803921,0.2037037037037037,0.2,0.8,0.940330600720697,3.081923335190519
Isabelle,0.3561643835616438,0.5,0.25,1.0,0.25,0.3076923076923077,0.5490196078431373,0.37037037037037035,0.475,0.8,0.6301530371951143,3.1944417765067543
