name,weight,recovery,spacing,projectiles,speed,combo_game,killpower,edgeguard,ledgetrap,cheese,easy,Distance
Donkey Kong,0.8904109589041096,0.125,0.75,0.0,0.625,0.5,0.8627450980392157,0.25925925925925924,0.425,1.0,0.8763397056743332,3.201227354172151
Captain Falcon,0.5753424657534246,0.25,0.0,0.0,0.75,0.34615384615384615,0.5686274509803921,0.42592592592592593,0.525,0.2,0.6032455315652505,3.2783751019818386
Cloud,0.5205479452054794,0.125,1.0,0.25,0.625,0.5384615384615384,0.43137254901960786,0.2962962962962963,0.375,0.2,0.8781875755004525,3.4888476405502398
Chrom,0.4520547945205479,0.125,1.0,0.0,0.75,0.3076923076923077,0.7843137254901961,0.2962962962962963,0.6,0.4,0.7826275030055292,3.6667493259402777
Wolf,0.410958904109589,0.5,0.5,0.25,0.5,0.46153846153846156,0.6470588235294117,0.3888888888888889,0.375,0.4,0.7696714150290344,3.8063293191348286
