name,weight,recovery,spacing,projectiles,speed,combo_game,killpower,edgeguard,ledgetrap,cheese,easy,Distance
Sora,0.3150684931506849,0.875,1.0,0.5,0.25,0.34615384615384615,0.4509803921568627,0.2777777777777778,0.3,0.6666666666666666,0.7374848810423233,2.0319264193602966
Mii Swordfighter,0.5205479452054794,0.625,1.0,0.75,0.375,0.3076923076923077,0.4509803921568627,0.35185185185185186,0.4,0.5555555555555556,0.7759625722160969,2.27600473994716
Mewtwo,0.2191780821917808,0.625,1.0,0.75,0.75,0.3076923076923077,0.6666666666666667,0.35185185185185186,0.375,0.2222222222222222,0.5060433745889366,2.288804079455028
Toon Link,0.3972602739726027,0.625,0.75,1.0,0.5,0.19230769230769232,0.47058823529411764,0.3148148148148148,0.475,0.3333333333333333,0.6617642117710796,2.4694825109656158
Lucas,0.4383561643835616,0.625,0.75,0.75,0.375,0.34615384615384615,0.23529411764705888,0.5370370370370371,0.325,0.5555555555555556,0.5663637279571264,2.4831268669175888
