name,weight,recovery,spacing,projectiles,speed,combo_game,killpower,edgeguard,ledgetrap,cheese,easy,Distance
Mii Swordfighter,0.5205479452054794,0.625,1.0,0.75,0.375,0.3076923076923077,0.4509803921568627,0.35185185185185186,0.4,0.5555555555555556,0.7759625722160969,1.9064702733280876
Duck Hunt,0.3287671232876712,0.5,0.5,1.0,0.5,0.38461538461538464,0.0,0.4074074074074074,0.4,0.4444444444444444,0.326892386719434,2.2328734845946645
Young Link,0.3561643835616438,0.625,0.75,1.0,0.5,0.4230769230769231,0.27450980392156865,0.14814814814814814,0.4,0.6666666666666666,0.6575351095835182,2.246504937934201
Toon Link,0.3972602739726027,0.625,0.75,1.0,0.5,0.19230769230769232,0.47058823529411764,0.3148148148148148,0.475,0.3333333333333333,0.6617642117710796,2.355648807395964
Banjo & Kazooie,0.6027397260273972,0.375,0.5,1.0,0.375,0.15384615384615385,0.3921568627450981,0.35185185185185186,0.275,0.6666666666666666,0.6712723423154878,2.364749028374142
