name,weight,recovery,spacing,projectiles,speed,combo_game,killpower,edgeguard,ledgetrap,cheese,easy,Distance
Mario,0.4931506849315068,0.375,0.0,0.25,0.5,0.5384615384615384,0.47058823529411764,0.2777777777777778,0.3,0.3333333333333333,0.8278415198585407,2.5574899811195912
Wolf,0.410958904109589,0.5,0.5,0.25,0.5,0.46153846153846156,0.6470588235294117,0.3888888888888889,0.375,0.1111111111111111,0.7696714150290344,2.5839224362082756
Yoshi,0.5753424657534246,0.75,0.25,0.25,0.625,0.34615384615384615,0.5686274509803921,0.3148148148148148,0.275,0.4444444444444444,0.7985359829658762,2.6593167493275565
Palutena,0.3972602739726027,0.5,0.5,0.5,0.625,0.34615384615384615,0.5098039215686274,0.48148148148148145,0.6,0.4444444444444444,0.884629922043797,2.773864457004528
Ridley,0.6164383561643836,0.375,0.5,0.5,0.5,0.2692307692307692,0.5490196078431373,0.42592592592592593,0.3,0.1111111111111111,0.7347298750785118,2.7754288352841545
