name,weight,recovery,spacing,projectiles,speed,combo_game,killpower,edgeguard,ledgetrap,cheese,easy,Silhouette Score,Distance
Ken,0.5616438356164383,0.375,0.0,0.5,0.375,0.576923076923077,1.0,0.1111111111111111,0.525,0.3333333333333333,0.17837824218673393,0.1837101697038571,2.8810920220118192
Terry,0.6301369863013698,0.25,0.0,0.25,0.25,0.6923076923076924,0.725490196078431,0.14814814814814814,0.525,0.6666666666666665,0.4097903506257383,0.2438935806725692,3.2576556197163664
Lucario,0.410958904109589,0.75,0.25,0.5,0.625,0.3846153846153847,0.7058823529411762,0.1111111111111111,0.30000000000000004,0.6666666666666665,0.4346232023950598,0.04442586065524684,3.388037514341647
Mii Brawler,0.4383561643835615,0.5,0.25,0.25,0.5,0.3846153846153847,0.5686274509803919,0.12962962962962962,0.30000000000000004,0.5555555555555556,0.6994607579373959,0.233154776828591,3.434542375510331
Diddy Kong,0.38356164383561653,0.625,0.25,0.75,0.625,0.2692307692307693,0.4117647058823528,0.14814814814814814,0.15000000000000002,0.6666666666666665,0.38123236118979564,0.10264373487658977,3.6051640422809617
