name,weight,recovery,spacing,projectiles,speed,combo_game,killpower,edgeguard,ledgetrap,cheese,easy,Distance
Roy,0.4520547945205479,0.25,1.0,0.0,0.75,0.4230769230769231,0.7843137254901961,0.18518518518518517,0.425,0.8,0.7417727792586492,2.800258898261304
Ridley,0.6164383561643836,0.25,0.5,0.3333333333333333,0.5,0.2692307692307692,0.5490196078431373,0.42592592592592593,0.3,0.8,0.7347298750785118,3.18278101334098
Incineroar,0.7397260273972602,0.125,0.25,0.0,0.0,0.4230769230769231,0.7254901960784313,0.25925925925925924,0.525,1.0,0.7416509876647671,3.2909784341484856
Bowser,1.0,0.25,0.5,0.3333333333333333,0.625,0.38461538461538464,0.6274509803921569,0.25925925925925924,0.525,0.2,0.9843099044974054,3.3404117737475767
Chrom,0.4520547945205479,0.125,1.0,0.0,0.75,0.3076923076923077,0.7843137254901961,0.2962962962962963,0.6,0.4,0.7826275030055292,3.591975934223552
