name,weight,recovery,spacing,projectiles,speed,combo_game,killpower,edgeguard,ledgetrap,cheese,easy,Silhouette Score,Distance
Greninja,0.3561643835616438,0.5,0.75,0.25,0.875,0.3076923076923078,0.725490196078431,0.2962962962962963,0.35000000000000003,0.0,0.37788519691387945,0.1525801068717419,3.1517734104276247
Falco,0.2739726027397261,0.25,0.5,0.25,0.5,0.5384615384615384,0.6666666666666665,0.4629629629629629,0.275,0.1111111111111111,0.5277852438791648,0.11402513264975575,3.2293768749996574
Roy,0.45205479452054786,0.375,0.75,0.0,0.75,0.423076923076923,0.784313725490196,0.18518518518518517,0.42500000000000004,0.2222222222222222,0.7417727792586492,0.15040518600658737,3.45572075299056
Ken,0.5616438356164383,0.375,0.0,0.5,0.375,0.576923076923077,1.0,0.1111111111111111,0.525,0.3333333333333333,0.17837824218673393,0.1837101697038571,3.5794470682858632
Wolf,0.410958904109589,0.5,0.5,0.25,0.5,0.46153846153846156,0.6470588235294117,0.38888888888888884,0.37500000000000006,0.1111111111111111,0.7696714150290342,0.11508431152434585,3.731730444272761
