name,weight,recovery,spacing,projectiles,speed,combo_game,killpower,edgeguard,ledgetrap,cheese,easy,Distance
Meta Knight,0.2465753424657534,1.0,0.25,0.0,0.625,0.5,0.8431372549019608,0.7592592592592593,0.25,0.2,0.43011691972098154,3.855553402268082
Falco,0.273972602739726,0.25,0.5,0.25,0.5,0.5384615384615384,0.6666666666666667,0.46296296296296297,0.275,0.2,0.5277852438791648,3.892537950230916
Wario,0.6301369863013698,0.625,0.25,0.0,0.375,0.5769230769230769,0.6470588235294117,0.5740740740740741,0.225,0.4,0.46667534592684745,4.131691770155644
Kirby,0.2328767123287671,0.25,0.0,0.0,0.25,0.4230769230769231,0.3529411764705882,0.35185185185185186,0.15,0.8,0.9027516463599274,4.168912507146338
Pokemon Trainer,0.4657534246575342,0.875,0.5,0.25,0.5,0.5384615384615384,0.5882352941176471,0.6851851851851852,0.225,0.2,0.30546549525479316,4.216723757096624
