name,weight,recovery,spacing,projectiles,speed,combo_game,killpower,edgeguard,ledgetrap,cheese,easy,Distance
Terry,0.6301369863013698,0.25,0.0,0.25,0.25,0.6923076923076923,0.7254901960784313,0.14814814814814814,0.525,0.6666666666666666,0.4097903506257383,2.352395819837984
Ryu,0.5616438356164384,0.375,0.0,0.5,0.25,0.5769230769230769,0.6666666666666667,0.018518518518518517,0.175,0.2222222222222222,0.18147342420218004,2.829763386146758
Lucario,0.410958904109589,0.75,0.25,0.5,0.625,0.38461538461538464,0.7058823529411764,0.1111111111111111,0.3,0.6666666666666666,0.4346232023950598,3.42566265676406
Luigi,0.4794520547945205,0.25,0.0,0.25,0.25,0.7692307692307693,0.9803921568627451,0.16666666666666666,0.15,0.8888888888888888,0.4439633449338096,3.4795152033337615
Fox,0.2054794520547945,0.25,0.0,0.25,0.875,0.5769230769230769,0.803921568627451,0.037037037037037035,0.35,0.0,0.346693992604043,3.577636924713611
